Datum von;Datum bis;Photovoltaik [MWh] Originalauflösungen;Photovoltaik [MWh] Originalauflösungen
01.12.25 00:00;01.12.25 00:15;0;0
01.12.25 00:15;01.12.25 00:30;0;0
01.12.25 00:30;01.12.25 00:45;0;0
01.12.25 00:45;01.12.25 01:00;0;0
01.12.25 01:00;01.12.25 01:15;0;0
01.12.25 01:15;01.12.25 01:30;0;0
01.12.25 01:30;01.12.25 01:45;0;0
01.12.25 01:45;01.12.25 02:00;0;0
01.12.25 02:00;01.12.25 02:15;0;0
01.12.25 02:15;01.12.25 02:30;0;0
01.12.25 02:30;01.12.25 02:45;0;0
01.12.25 02:45;01.12.25 03:00;0;0
01.12.25 03:00;01.12.25 03:15;0;0
01.12.25 03:15;01.12.25 03:30;0;0
01.12.25 03:30;01.12.25 03:45;0;0
01.12.25 03:45;01.12.25 04:00;0;0
01.12.25 04:00;01.12.25 04:15;0;0
01.12.25 04:15;01.12.25 04:30;0;0
01.12.25 04:30;01.12.25 04:45;0;0
01.12.25 04:45;01.12.25 05:00;0;0
01.12.25 05:00;01.12.25 05:15;0;0
01.12.25 05:15;01.12.25 05:30;0;0
01.12.25 05:30;01.12.25 05:45;0;0
01.12.25 05:45;01.12.25 06:00;0;0
01.12.25 06:00;01.12.25 06:15;0;0
01.12.25 06:15;01.12.25 06:30;0;0
01.12.25 06:30;01.12.25 06:45;0;0
01.12.25 06:45;01.12.25 07:00;0;0
01.12.25 07:00;01.12.25 07:15;0;0
01.12.25 07:15;01.12.25 07:30;0;0
01.12.25 07:30;01.12.25 07:45;0,00000056;0,14
01.12.25 07:45;01.12.25 08:00;0,00009884;24,71
01.12.25 08:00;01.12.25 08:15;0,00039224;98,06
01.12.25 08:15;01.12.25 08:30;0,00107216;268,04
01.12.25 08:30;01.12.25 08:45;0,00210144;525,36
01.12.25 08:45;01.12.25 09:00;0,00331856;829,64
01.12.25 09:00;01.12.25 09:15;0,0046446;1.161,15
01.12.25 09:15;01.12.25 09:30;0,00606108;1.515,27
01.12.25 09:30;01.12.25 09:45;0,0074656;1.866,40
01.12.25 09:45;01.12.25 10:00;0,00880288;2.200,72
01.12.25 10:00;01.12.25 10:15;0,01006656;2.516,64
01.12.25 10:15;01.12.25 10:30;0,01122804;2.807,01
01.12.25 10:30;01.12.25 10:45;0,01226836;3.067,09
01.12.25 10:45;01.12.25 11:00;0,013156;3.289,00
01.12.25 11:00;01.12.25 11:15;0,01389176;3.472,94
01.12.25 11:15;01.12.25 11:30;0,01445224;3.613,06
01.12.25 11:30;01.12.25 11:45;0,01483632;3.709,08
01.12.25 11:45;01.12.25 12:00;0,01503296;3.758,24
01.12.25 12:00;01.12.25 12:15;0,01503072;3.757,68
01.12.25 12:15;01.12.25 12:30;0,01484516;3.711,29
01.12.25 12:30;01.12.25 12:45;0,01449644;3.624,11
01.12.25 12:45;01.12.25 13:00;0,01400256;3.500,64
01.12.25 13:00;01.12.25 13:15;0,01336796;3.341,99
01.12.25 13:15;01.12.25 13:30;0,012616;3.154,00
01.12.25 13:30;01.12.25 13:45;0,01173288;2.933,22
01.12.25 13:45;01.12.25 14:00;0,01072436;2.681,09
01.12.25 14:00;01.12.25 14:15;0,009603;2.400,75
01.12.25 14:15;01.12.25 14:30;0,008394;2.098,50
01.12.25 14:30;01.12.25 14:45;0,00709308;1.773,27
01.12.25 14:45;01.12.25 15:00;0,00576924;1.442,31
01.12.25 15:00;01.12.25 15:15;0,004467;1.116,75
01.12.25 15:15;01.12.25 15:30;0,00320416;801,04
01.12.25 15:30;01.12.25 15:45;0,00204164;510,41
01.12.25 15:45;01.12.25 16:00;0,00109288;273,22
01.12.25 16:00;01.12.25 16:15;0,00046508;116,27
01.12.25 16:15;01.12.25 16:30;0,0001706;42,65
01.12.25 16:30;01.12.25 16:45;0,00005552;13,88
01.12.25 16:45;01.12.25 17:00;0,00000952;2,38
01.12.25 17:00;01.12.25 17:15;0;0
01.12.25 17:15;01.12.25 17:30;0;0
01.12.25 17:30;01.12.25 17:45;0;0
01.12.25 17:45;01.12.25 18:00;0;0
01.12.25 18:00;01.12.25 18:15;0;0
01.12.25 18:15;01.12.25 18:30;0;0
01.12.25 18:30;01.12.25 18:45;0;0
01.12.25 18:45;01.12.25 19:00;0;0
01.12.25 19:00;01.12.25 19:15;0;0
01.12.25 19:15;01.12.25 19:30;0;0
01.12.25 19:30;01.12.25 19:45;0;0
01.12.25 19:45;01.12.25 20:00;0;0
01.12.25 20:00;01.12.25 20:15;0;0
01.12.25 20:15;01.12.25 20:30;0;0
01.12.25 20:30;01.12.25 20:45;0;0
01.12.25 20:45;01.12.25 21:00;0;0
01.12.25 21:00;01.12.25 21:15;0;0
01.12.25 21:15;01.12.25 21:30;0;0
01.12.25 21:30;01.12.25 21:45;0;0
01.12.25 21:45;01.12.25 22:00;0;0
01.12.25 22:00;01.12.25 22:15;0;0
01.12.25 22:15;01.12.25 22:30;0;0
01.12.25 22:30;01.12.25 22:45;0;0
01.12.25 22:45;01.12.25 23:00;0;0
01.12.25 23:00;01.12.25 23:15;0;0
01.12.25 23:15;01.12.25 23:30;0;0
01.12.25 23:30;01.12.25 23:45;0;0
01.12.25 23:45;02.12.25 00:00;0;0
02.12.25 00:00;02.12.25 00:15;0;0
02.12.25 00:15;02.12.25 00:30;0;0
02.12.25 00:30;02.12.25 00:45;0;0
02.12.25 00:45;02.12.25 01:00;0;0
02.12.25 01:00;02.12.25 01:15;0;0
02.12.25 01:15;02.12.25 01:30;0;0
02.12.25 01:30;02.12.25 01:45;0;0
02.12.25 01:45;02.12.25 02:00;0;0
02.12.25 02:00;02.12.25 02:15;0;0
02.12.25 02:15;02.12.25 02:30;0;0
02.12.25 02:30;02.12.25 02:45;0;0
02.12.25 02:45;02.12.25 03:00;0;0
02.12.25 03:00;02.12.25 03:15;0;0
02.12.25 03:15;02.12.25 03:30;0;0
02.12.25 03:30;02.12.25 03:45;0;0
02.12.25 03:45;02.12.25 04:00;0;0
02.12.25 04:00;02.12.25 04:15;0;0
02.12.25 04:15;02.12.25 04:30;0;0
02.12.25 04:30;02.12.25 04:45;0;0
02.12.25 04:45;02.12.25 05:00;0;0
02.12.25 05:00;02.12.25 05:15;0;0
02.12.25 05:15;02.12.25 05:30;0;0
02.12.25 05:30;02.12.25 05:45;0;0
02.12.25 05:45;02.12.25 06:00;0;0
02.12.25 06:00;02.12.25 06:15;0;0
02.12.25 06:15;02.12.25 06:30;0;0
02.12.25 06:30;02.12.25 06:45;0;0
02.12.25 06:45;02.12.25 07:00;0;0
02.12.25 07:00;02.12.25 07:15;0;0
02.12.25 07:15;02.12.25 07:30;0;0
02.12.25 07:30;02.12.25 07:45;0,00000332;0,83
02.12.25 07:45;02.12.25 08:00;0,0001066;26,65
02.12.25 08:00;02.12.25 08:15;0,00039168;97,92
02.12.25 08:15;02.12.25 08:30;0,00093408;233,52
02.12.25 08:30;02.12.25 08:45;0,00171236;428,09
02.12.25 08:45;02.12.25 09:00;0,00265352;663,38
02.12.25 09:00;02.12.25 09:15;0,00366172;915,43
02.12.25 09:15;02.12.25 09:30;0,00470728;1.176,82
02.12.25 09:30;02.12.25 09:45;0,00575672;1.439,18
02.12.25 09:45;02.12.25 10:00;0,0068238;1.705,95
02.12.25 10:00;02.12.25 10:15;0,00779024;1.947,56
02.12.25 10:15;02.12.25 10:30;0,00874536;2.186,34
02.12.25 10:30;02.12.25 10:45;0,00963484;2.408,71
02.12.25 10:45;02.12.25 11:00;0,0104476;2.611,90
02.12.25 11:00;02.12.25 11:15;0,01113196;2.782,99
02.12.25 11:15;02.12.25 11:30;0,01173616;2.934,04
02.12.25 11:30;02.12.25 11:45;0,01224424;3.061,06
02.12.25 11:45;02.12.25 12:00;0,01257988;3.144,97
02.12.25 12:00;02.12.25 12:15;0,01266216;3.165,54
02.12.25 12:15;02.12.25 12:30;0,01261136;3.152,84
02.12.25 12:30;02.12.25 12:45;0,01243588;3.108,97
02.12.25 12:45;02.12.25 13:00;0,01208184;3.020,46
02.12.25 13:00;02.12.25 13:15;0,01157192;2.892,98
02.12.25 13:15;02.12.25 13:30;0,0109498;2.737,45
02.12.25 13:30;02.12.25 13:45;0,01021764;2.554,41
02.12.25 13:45;02.12.25 14:00;0,00932624;2.331,56
02.12.25 14:00;02.12.25 14:15;0,00833672;2.084,18
02.12.25 14:15;02.12.25 14:30;0,00724824;1.812,06
02.12.25 14:30;02.12.25 14:45;0,00608112;1.520,28
02.12.25 14:45;02.12.25 15:00;0,0049182;1.229,55
02.12.25 15:00;02.12.25 15:15;0,00378416;946,04
02.12.25 15:15;02.12.25 15:30;0,00267264;668,16
02.12.25 15:30;02.12.25 15:45;0,00166668;416,67
02.12.25 15:45;02.12.25 16:00;0,000852;213
02.12.25 16:00;02.12.25 16:15;0,00036992;92,48
02.12.25 16:15;02.12.25 16:30;0,00014936;37,34
02.12.25 16:30;02.12.25 16:45;0,0000672;16,8
02.12.25 16:45;02.12.25 17:00;0,0000116;2,9
02.12.25 17:00;02.12.25 17:15;0;0
02.12.25 17:15;02.12.25 17:30;0;0
02.12.25 17:30;02.12.25 17:45;0;0
02.12.25 17:45;02.12.25 18:00;0;0
02.12.25 18:00;02.12.25 18:15;0;0
02.12.25 18:15;02.12.25 18:30;0;0
02.12.25 18:30;02.12.25 18:45;0;0
02.12.25 18:45;02.12.25 19:00;0;0
02.12.25 19:00;02.12.25 19:15;0;0
02.12.25 19:15;02.12.25 19:30;0;0
02.12.25 19:30;02.12.25 19:45;0;0
02.12.25 19:45;02.12.25 20:00;0;0
02.12.25 20:00;02.12.25 20:15;0;0
02.12.25 20:15;02.12.25 20:30;0;0
02.12.25 20:30;02.12.25 20:45;0;0
02.12.25 20:45;02.12.25 21:00;0;0
02.12.25 21:00;02.12.25 21:15;0;0
02.12.25 21:15;02.12.25 21:30;0;0
02.12.25 21:30;02.12.25 21:45;0;0
02.12.25 21:45;02.12.25 22:00;0;0
02.12.25 22:00;02.12.25 22:15;0;0
02.12.25 22:15;02.12.25 22:30;0;0
02.12.25 22:30;02.12.25 22:45;0;0
02.12.25 22:45;02.12.25 23:00;0;0
02.12.25 23:00;02.12.25 23:15;0;0
02.12.25 23:15;02.12.25 23:30;0;0
02.12.25 23:30;02.12.25 23:45;0;0
02.12.25 23:45;03.12.25 00:00;0;0
03.12.25 00:00;03.12.25 00:15;0;0
03.12.25 00:15;03.12.25 00:30;0;0
03.12.25 00:30;03.12.25 00:45;0;0
03.12.25 00:45;03.12.25 01:00;0;0
03.12.25 01:00;03.12.25 01:15;0;0
03.12.25 01:15;03.12.25 01:30;0;0
03.12.25 01:30;03.12.25 01:45;0;0
03.12.25 01:45;03.12.25 02:00;0;0
03.12.25 02:00;03.12.25 02:15;0;0
03.12.25 02:15;03.12.25 02:30;0;0
03.12.25 02:30;03.12.25 02:45;0;0
03.12.25 02:45;03.12.25 03:00;0;0
03.12.25 03:00;03.12.25 03:15;0;0
03.12.25 03:15;03.12.25 03:30;0;0
03.12.25 03:30;03.12.25 03:45;0;0
03.12.25 03:45;03.12.25 04:00;0;0
03.12.25 04:00;03.12.25 04:15;0;0
03.12.25 04:15;03.12.25 04:30;0;0
03.12.25 04:30;03.12.25 04:45;0;0
03.12.25 04:45;03.12.25 05:00;0;0
03.12.25 05:00;03.12.25 05:15;0;0
03.12.25 05:15;03.12.25 05:30;0;0
03.12.25 05:30;03.12.25 05:45;0;0
03.12.25 05:45;03.12.25 06:00;0;0
03.12.25 06:00;03.12.25 06:15;0;0
03.12.25 06:15;03.12.25 06:30;0;0
03.12.25 06:30;03.12.25 06:45;0;0
03.12.25 06:45;03.12.25 07:00;0;0
03.12.25 07:00;03.12.25 07:15;0;0
03.12.25 07:15;03.12.25 07:30;0;0
03.12.25 07:30;03.12.25 07:45;0;0
03.12.25 07:45;03.12.25 08:00;0,00006008;15,02
03.12.25 08:00;03.12.25 08:15;0,00022488;56,22
03.12.25 08:15;03.12.25 08:30;0,00056368;140,92
03.12.25 08:30;03.12.25 08:45;0,00107624;269,06
03.12.25 08:45;03.12.25 09:00;0,00174428;436,07
03.12.25 09:00;03.12.25 09:15;0,00248652;621,63
03.12.25 09:15;03.12.25 09:30;0,00326792;816,98
03.12.25 09:30;03.12.25 09:45;0,00405176;1.012,94
03.12.25 09:45;03.12.25 10:00;0,00482984;1.207,46
03.12.25 10:00;03.12.25 10:15;0,00555168;1.387,92
03.12.25 10:15;03.12.25 10:30;0,00623368;1.558,42
03.12.25 10:30;03.12.25 10:45;0,00686972;1.717,43
03.12.25 10:45;03.12.25 11:00;0,007457;1.864,25
03.12.25 11:00;03.12.25 11:15;0,00794748;1.986,87
03.12.25 11:15;03.12.25 11:30;0,0083618;2.090,45
03.12.25 11:30;03.12.25 11:45;0,00867664;2.169,16
03.12.25 11:45;03.12.25 12:00;0,00889352;2.223,38
03.12.25 12:00;03.12.25 12:15;0,0089968;2.249,20
03.12.25 12:15;03.12.25 12:30;0,00900372;2.250,93
03.12.25 12:30;03.12.25 12:45;0,00890564;2.226,41
03.12.25 12:45;03.12.25 13:00;0,00868008;2.170,02
03.12.25 13:00;03.12.25 13:15;0,00834624;2.086,56
03.12.25 13:15;03.12.25 13:30;0,00791952;1.979,88
03.12.25 13:30;03.12.25 13:45;0,00739984;1.849,96
03.12.25 13:45;03.12.25 14:00;0,00677768;1.694,42
03.12.25 14:00;03.12.25 14:15;0,00609168;1.522,92
03.12.25 14:15;03.12.25 14:30;0,00535836;1.339,59
03.12.25 14:30;03.12.25 14:45;0,00455444;1.138,61
03.12.25 14:45;03.12.25 15:00;0,0037306;932,65
03.12.25 15:00;03.12.25 15:15;0,00291132;727,83
03.12.25 15:15;03.12.25 15:30;0,00209796;524,49
03.12.25 15:30;03.12.25 15:45;0,00135136;337,84
03.12.25 15:45;03.12.25 16:00;0,000736;184
03.12.25 16:00;03.12.25 16:15;0,00030968;77,42
03.12.25 16:15;03.12.25 16:30;0,00009856;24,64
03.12.25 16:30;03.12.25 16:45;0,0000364;9,1
03.12.25 16:45;03.12.25 17:00;0,000004;1
03.12.25 17:00;03.12.25 17:15;0;0
03.12.25 17:15;03.12.25 17:30;0;0
03.12.25 17:30;03.12.25 17:45;0;0
03.12.25 17:45;03.12.25 18:00;0;0
03.12.25 18:00;03.12.25 18:15;0;0
03.12.25 18:15;03.12.25 18:30;0;0
03.12.25 18:30;03.12.25 18:45;0;0
03.12.25 18:45;03.12.25 19:00;0;0
03.12.25 19:00;03.12.25 19:15;0;0
03.12.25 19:15;03.12.25 19:30;0;0
03.12.25 19:30;03.12.25 19:45;0;0
03.12.25 19:45;03.12.25 20:00;0;0
03.12.25 20:00;03.12.25 20:15;0;0
03.12.25 20:15;03.12.25 20:30;0;0
03.12.25 20:30;03.12.25 20:45;0;0
03.12.25 20:45;03.12.25 21:00;0;0
03.12.25 21:00;03.12.25 21:15;0;0
03.12.25 21:15;03.12.25 21:30;0;0
03.12.25 21:30;03.12.25 21:45;0;0
03.12.25 21:45;03.12.25 22:00;0;0
03.12.25 22:00;03.12.25 22:15;0;0
03.12.25 22:15;03.12.25 22:30;0;0
03.12.25 22:30;03.12.25 22:45;0;0
03.12.25 22:45;03.12.25 23:00;0;0
03.12.25 23:00;03.12.25 23:15;0;0
03.12.25 23:15;03.12.25 23:30;0;0
03.12.25 23:30;03.12.25 23:45;0;0
03.12.25 23:45;04.12.25 00:00;0;0
04.12.25 00:00;04.12.25 00:15;0;0
04.12.25 00:15;04.12.25 00:30;0;0
04.12.25 00:30;04.12.25 00:45;0;0
04.12.25 00:45;04.12.25 01:00;0;0
04.12.25 01:00;04.12.25 01:15;0;0
04.12.25 01:15;04.12.25 01:30;0;0
04.12.25 01:30;04.12.25 01:45;0;0
04.12.25 01:45;04.12.25 02:00;0;0
04.12.25 02:00;04.12.25 02:15;0;0
04.12.25 02:15;04.12.25 02:30;0;0
04.12.25 02:30;04.12.25 02:45;0;0
04.12.25 02:45;04.12.25 03:00;0;0
04.12.25 03:00;04.12.25 03:15;0;0
04.12.25 03:15;04.12.25 03:30;0;0
04.12.25 03:30;04.12.25 03:45;0;0
04.12.25 03:45;04.12.25 04:00;0;0
04.12.25 04:00;04.12.25 04:15;0;0
04.12.25 04:15;04.12.25 04:30;0;0
04.12.25 04:30;04.12.25 04:45;0;0
04.12.25 04:45;04.12.25 05:00;0;0
04.12.25 05:00;04.12.25 05:15;0;0
04.12.25 05:15;04.12.25 05:30;0;0
04.12.25 05:30;04.12.25 05:45;0;0
04.12.25 05:45;04.12.25 06:00;0;0
04.12.25 06:00;04.12.25 06:15;0;0
04.12.25 06:15;04.12.25 06:30;0;0
04.12.25 06:30;04.12.25 06:45;0;0
04.12.25 06:45;04.12.25 07:00;0;0
04.12.25 07:00;04.12.25 07:15;0;0
04.12.25 07:15;04.12.25 07:30;0;0
04.12.25 07:30;04.12.25 07:45;0;0
04.12.25 07:45;04.12.25 08:00;0,00002552;6,38
04.12.25 08:00;04.12.25 08:15;0,000185;46,25
04.12.25 08:15;04.12.25 08:30;0,00045268;113,17
04.12.25 08:30;04.12.25 08:45;0,00088396;220,99
04.12.25 08:45;04.12.25 09:00;0,00142724;356,81
04.12.25 09:00;04.12.25 09:15;0,0020818;520,45
04.12.25 09:15;04.12.25 09:30;0,00277392;693,48
04.12.25 09:30;04.12.25 09:45;0,00348672;871,68
04.12.25 09:45;04.12.25 10:00;0,004185;1.046,25
04.12.25 10:00;04.12.25 10:15;0,00485212;1.213,03
04.12.25 10:15;04.12.25 10:30;0,00545668;1.364,17
04.12.25 10:30;04.12.25 10:45;0,00603428;1.508,57
04.12.25 10:45;04.12.25 11:00;0,00658032;1.645,08
04.12.25 11:00;04.12.25 11:15;0,00703852;1.759,63
04.12.25 11:15;04.12.25 11:30;0,00745004;1.862,51
04.12.25 11:30;04.12.25 11:45;0,0077458;1.936,45
04.12.25 11:45;04.12.25 12:00;0,00795348;1.988,37
04.12.25 12:00;04.12.25 12:15;0,00806012;2.015,03
04.12.25 12:15;04.12.25 12:30;0,00805808;2.014,52
04.12.25 12:30;04.12.25 12:45;0,0079518;1.987,95
04.12.25 12:45;04.12.25 13:00;0,00773244;1.933,11
04.12.25 13:00;04.12.25 13:15;0,00743404;1.858,51
04.12.25 13:15;04.12.25 13:30;0,0070308;1.757,70
04.12.25 13:30;04.12.25 13:45;0,00655644;1.639,11
04.12.25 13:45;04.12.25 14:00;0,00599788;1.499,47
04.12.25 14:00;04.12.25 14:15;0,0054092;1.352,30
04.12.25 14:15;04.12.25 14:30;0,00476704;1.191,76
04.12.25 14:30;04.12.25 14:45;0,00402772;1.006,93
04.12.25 14:45;04.12.25 15:00;0,00324796;811,99
04.12.25 15:00;04.12.25 15:15;0,00248736;621,84
04.12.25 15:15;04.12.25 15:30;0,00176404;441,01
04.12.25 15:30;04.12.25 15:45;0,00110484;276,21
04.12.25 15:45;04.12.25 16:00;0,00060008;150,02
04.12.25 16:00;04.12.25 16:15;0,00027396;68,49
04.12.25 16:15;04.12.25 16:30;0,00011756;29,39
04.12.25 16:30;04.12.25 16:45;0,00005268;13,17
04.12.25 16:45;04.12.25 17:00;0,00000548;1,37
04.12.25 17:00;04.12.25 17:15;0;0
04.12.25 17:15;04.12.25 17:30;0;0
04.12.25 17:30;04.12.25 17:45;0;0
04.12.25 17:45;04.12.25 18:00;0;0
04.12.25 18:00;04.12.25 18:15;0;0
04.12.25 18:15;04.12.25 18:30;0;0
04.12.25 18:30;04.12.25 18:45;0;0
04.12.25 18:45;04.12.25 19:00;0;0
04.12.25 19:00;04.12.25 19:15;0;0
04.12.25 19:15;04.12.25 19:30;0;0
04.12.25 19:30;04.12.25 19:45;0;0
04.12.25 19:45;04.12.25 20:00;0;0
04.12.25 20:00;04.12.25 20:15;0;0
04.12.25 20:15;04.12.25 20:30;0;0
04.12.25 20:30;04.12.25 20:45;0;0
04.12.25 20:45;04.12.25 21:00;0;0
04.12.25 21:00;04.12.25 21:15;0;0
04.12.25 21:15;04.12.25 21:30;0;0
04.12.25 21:30;04.12.25 21:45;0;0
04.12.25 21:45;04.12.25 22:00;0;0
04.12.25 22:00;04.12.25 22:15;0;0
04.12.25 22:15;04.12.25 22:30;0;0
04.12.25 22:30;04.12.25 22:45;0;0
04.12.25 22:45;04.12.25 23:00;0;0
04.12.25 23:00;04.12.25 23:15;0;0
04.12.25 23:15;04.12.25 23:30;0;0
04.12.25 23:30;04.12.25 23:45;0;0
04.12.25 23:45;05.12.25 00:00;0;0
05.12.25 00:00;05.12.25 00:15;0;0
05.12.25 00:15;05.12.25 00:30;0;0
05.12.25 00:30;05.12.25 00:45;0;0
05.12.25 00:45;05.12.25 01:00;0;0
05.12.25 01:00;05.12.25 01:15;0;0
05.12.25 01:15;05.12.25 01:30;0;0
05.12.25 01:30;05.12.25 01:45;0;0
05.12.25 01:45;05.12.25 02:00;0;0
05.12.25 02:00;05.12.25 02:15;0;0
05.12.25 02:15;05.12.25 02:30;0;0
05.12.25 02:30;05.12.25 02:45;0;0
05.12.25 02:45;05.12.25 03:00;0;0
05.12.25 03:00;05.12.25 03:15;0;0
05.12.25 03:15;05.12.25 03:30;0;0
05.12.25 03:30;05.12.25 03:45;0;0
05.12.25 03:45;05.12.25 04:00;0;0
05.12.25 04:00;05.12.25 04:15;0;0
05.12.25 04:15;05.12.25 04:30;0;0
05.12.25 04:30;05.12.25 04:45;0;0
05.12.25 04:45;05.12.25 05:00;0;0
05.12.25 05:00;05.12.25 05:15;0;0
05.12.25 05:15;05.12.25 05:30;0;0
05.12.25 05:30;05.12.25 05:45;0;0
05.12.25 05:45;05.12.25 06:00;0;0
05.12.25 06:00;05.12.25 06:15;0;0
05.12.25 06:15;05.12.25 06:30;0;0
05.12.25 06:30;05.12.25 06:45;0;0
05.12.25 06:45;05.12.25 07:00;0;0
05.12.25 07:00;05.12.25 07:15;0;0
05.12.25 07:15;05.12.25 07:30;0;0
05.12.25 07:30;05.12.25 07:45;0;0
05.12.25 07:45;05.12.25 08:00;0,00002072;5,18
05.12.25 08:00;05.12.25 08:15;0,0001108;27,7
05.12.25 08:15;05.12.25 08:30;0,00024328;60,82
05.12.25 08:30;05.12.25 08:45;0,0004578;114,45
05.12.25 08:45;05.12.25 09:00;0,00075512;188,78
05.12.25 09:00;05.12.25 09:15;0,00113748;284,37
05.12.25 09:15;05.12.25 09:30;0,00156136;390,34
05.12.25 09:30;05.12.25 09:45;0,0020146;503,65
05.12.25 09:45;05.12.25 10:00;0,0024684;617,1
05.12.25 10:00;05.12.25 10:15;0,0029266;731,65
05.12.25 10:15;05.12.25 10:30;0,00335148;837,87
05.12.25 10:30;05.12.25 10:45;0,003769;942,25
05.12.25 10:45;05.12.25 11:00;0,00414636;1.036,59
05.12.25 11:00;05.12.25 11:15;0,0044554;1.113,85
05.12.25 11:15;05.12.25 11:30;0,00471756;1.179,39
05.12.25 11:30;05.12.25 11:45;0,00490388;1.225,97
05.12.25 11:45;05.12.25 12:00;0,00501328;1.253,32
05.12.25 12:00;05.12.25 12:15;0,00506128;1.265,32
05.12.25 12:15;05.12.25 12:30;0,00506812;1.267,03
05.12.25 12:30;05.12.25 12:45;0,00501264;1.253,16
05.12.25 12:45;05.12.25 13:00;0,00487704;1.219,26
05.12.25 13:00;05.12.25 13:15;0,00468956;1.172,39
05.12.25 13:15;05.12.25 13:30;0,00445396;1.113,49
05.12.25 13:30;05.12.25 13:45;0,00417232;1.043,08
05.12.25 13:45;05.12.25 14:00;0,00382624;956,56
05.12.25 14:00;05.12.25 14:15;0,003445;861,25
05.12.25 14:15;05.12.25 14:30;0,00303116;757,79
05.12.25 14:30;05.12.25 14:45;0,00256236;640,59
05.12.25 14:45;05.12.25 15:00;0,00208;520
05.12.25 15:00;05.12.25 15:15;0,00161144;402,86
05.12.25 15:15;05.12.25 15:30;0,00116212;290,53
05.12.25 15:30;05.12.25 15:45;0,00075548;188,87
05.12.25 15:45;05.12.25 16:00;0,00043828;109,57
05.12.25 16:00;05.12.25 16:15;0,00022488;56,22
05.12.25 16:15;05.12.25 16:30;0,0001144;28,6
05.12.25 16:30;05.12.25 16:45;0,00006;15
05.12.25 16:45;05.12.25 17:00;0,00000656;1,64
05.12.25 17:00;05.12.25 17:15;0;0
05.12.25 17:15;05.12.25 17:30;0;0
05.12.25 17:30;05.12.25 17:45;0;0
05.12.25 17:45;05.12.25 18:00;0;0
05.12.25 18:00;05.12.25 18:15;0;0
05.12.25 18:15;05.12.25 18:30;0;0
05.12.25 18:30;05.12.25 18:45;0;0
05.12.25 18:45;05.12.25 19:00;0;0
05.12.25 19:00;05.12.25 19:15;0;0
05.12.25 19:15;05.12.25 19:30;0;0
05.12.25 19:30;05.12.25 19:45;0;0
05.12.25 19:45;05.12.25 20:00;0;0
05.12.25 20:00;05.12.25 20:15;0;0
05.12.25 20:15;05.12.25 20:30;0;0
05.12.25 20:30;05.12.25 20:45;0;0
05.12.25 20:45;05.12.25 21:00;0;0
05.12.25 21:00;05.12.25 21:15;0;0
05.12.25 21:15;05.12.25 21:30;0;0
05.12.25 21:30;05.12.25 21:45;0;0
05.12.25 21:45;05.12.25 22:00;0;0
05.12.25 22:00;05.12.25 22:15;0;0
05.12.25 22:15;05.12.25 22:30;0;0
05.12.25 22:30;05.12.25 22:45;0;0
05.12.25 22:45;05.12.25 23:00;0;0
05.12.25 23:00;05.12.25 23:15;0;0
05.12.25 23:15;05.12.25 23:30;0;0
05.12.25 23:30;05.12.25 23:45;0;0
05.12.25 23:45;06.12.25 00:00;0;0
06.12.25 00:00;06.12.25 00:15;0;0
06.12.25 00:15;06.12.25 00:30;0;0
06.12.25 00:30;06.12.25 00:45;0;0
06.12.25 00:45;06.12.25 01:00;0;0
06.12.25 01:00;06.12.25 01:15;0;0
06.12.25 01:15;06.12.25 01:30;0;0
06.12.25 01:30;06.12.25 01:45;0;0
06.12.25 01:45;06.12.25 02:00;0;0
06.12.25 02:00;06.12.25 02:15;0;0
06.12.25 02:15;06.12.25 02:30;0;0
06.12.25 02:30;06.12.25 02:45;0;0
06.12.25 02:45;06.12.25 03:00;0;0
06.12.25 03:00;06.12.25 03:15;0;0
06.12.25 03:15;06.12.25 03:30;0;0
06.12.25 03:30;06.12.25 03:45;0;0
06.12.25 03:45;06.12.25 04:00;0;0
06.12.25 04:00;06.12.25 04:15;0;0
06.12.25 04:15;06.12.25 04:30;0;0
06.12.25 04:30;06.12.25 04:45;0;0
06.12.25 04:45;06.12.25 05:00;0;0
06.12.25 05:00;06.12.25 05:15;0;0
06.12.25 05:15;06.12.25 05:30;0;0
06.12.25 05:30;06.12.25 05:45;0;0
06.12.25 05:45;06.12.25 06:00;0;0
06.12.25 06:00;06.12.25 06:15;0;0
06.12.25 06:15;06.12.25 06:30;0;0
06.12.25 06:30;06.12.25 06:45;0;0
06.12.25 06:45;06.12.25 07:00;0;0
06.12.25 07:00;06.12.25 07:15;0;0
06.12.25 07:15;06.12.25 07:30;0;0
06.12.25 07:30;06.12.25 07:45;0;0
06.12.25 07:45;06.12.25 08:00;0,00002496;6,24
06.12.25 08:00;06.12.25 08:15;0,00017204;43,01
06.12.25 08:15;06.12.25 08:30;0,00038704;96,76
06.12.25 08:30;06.12.25 08:45;0,00075616;189,04
06.12.25 08:45;06.12.25 09:00;0,00125852;314,63
06.12.25 09:00;06.12.25 09:15;0,00185616;464,04
06.12.25 09:15;06.12.25 09:30;0,00248964;622,41
06.12.25 09:30;06.12.25 09:45;0,00313872;784,68
06.12.25 09:45;06.12.25 10:00;0,00376112;940,28
06.12.25 10:00;06.12.25 10:15;0,00436144;1.090,36
06.12.25 10:15;06.12.25 10:30;0,00491388;1.228,47
06.12.25 10:30;06.12.25 10:45;0,0054144;1.353,60
06.12.25 10:45;06.12.25 11:00;0,00588432;1.471,08
06.12.25 11:00;06.12.25 11:15;0,00628088;1.570,22
06.12.25 11:15;06.12.25 11:30;0,00663516;1.658,79
06.12.25 11:30;06.12.25 11:45;0,00689272;1.723,18
06.12.25 11:45;06.12.25 12:00;0,00703288;1.758,22
06.12.25 12:00;06.12.25 12:15;0,00705788;1.764,47
06.12.25 12:15;06.12.25 12:30;0,00702816;1.757,04
06.12.25 12:30;06.12.25 12:45;0,00687116;1.717,79
06.12.25 12:45;06.12.25 13:00;0,00656368;1.640,92
06.12.25 13:00;06.12.25 13:15;0,00620392;1.550,98
06.12.25 13:15;06.12.25 13:30;0,00581476;1.453,69
06.12.25 13:30;06.12.25 13:45;0,00536304;1.340,76
06.12.25 13:45;06.12.25 14:00;0,00484676;1.211,69
06.12.25 14:00;06.12.25 14:15;0,00431176;1.077,94
06.12.25 14:15;06.12.25 14:30;0,00376204;940,51
06.12.25 14:30;06.12.25 14:45;0,00313432;783,58
06.12.25 14:45;06.12.25 15:00;0,0025038;625,95
06.12.25 15:00;06.12.25 15:15;0,00189568;473,92
06.12.25 15:15;06.12.25 15:30;0,00132132;330,33
06.12.25 15:30;06.12.25 15:45;0,00081976;204,94
06.12.25 15:45;06.12.25 16:00;0,00044564;111,41
06.12.25 16:00;06.12.25 16:15;0,00019504;48,76
06.12.25 16:15;06.12.25 16:30;0,00007492;18,73
06.12.25 16:30;06.12.25 16:45;0,0000348;8,7
06.12.25 16:45;06.12.25 17:00;0,00000072;0,18
06.12.25 17:00;06.12.25 17:15;0;0
06.12.25 17:15;06.12.25 17:30;0;0
06.12.25 17:30;06.12.25 17:45;0;0
06.12.25 17:45;06.12.25 18:00;0;0
06.12.25 18:00;06.12.25 18:15;0;0
06.12.25 18:15;06.12.25 18:30;0;0
06.12.25 18:30;06.12.25 18:45;0;0
06.12.25 18:45;06.12.25 19:00;0;0
06.12.25 19:00;06.12.25 19:15;0;0
06.12.25 19:15;06.12.25 19:30;0;0
06.12.25 19:30;06.12.25 19:45;0;0
06.12.25 19:45;06.12.25 20:00;0;0
06.12.25 20:00;06.12.25 20:15;0;0
06.12.25 20:15;06.12.25 20:30;0;0
06.12.25 20:30;06.12.25 20:45;0;0
06.12.25 20:45;06.12.25 21:00;0;0
06.12.25 21:00;06.12.25 21:15;0;0
06.12.25 21:15;06.12.25 21:30;0;0
06.12.25 21:30;06.12.25 21:45;0;0
06.12.25 21:45;06.12.25 22:00;0;0
06.12.25 22:00;06.12.25 22:15;0;0
06.12.25 22:15;06.12.25 22:30;0;0
06.12.25 22:30;06.12.25 22:45;0;0
06.12.25 22:45;06.12.25 23:00;0;0
06.12.25 23:00;06.12.25 23:15;0;0
06.12.25 23:15;06.12.25 23:30;0;0
06.12.25 23:30;06.12.25 23:45;0;0
06.12.25 23:45;07.12.25 00:00;0;0
07.12.25 00:00;07.12.25 00:15;0;0
07.12.25 00:15;07.12.25 00:30;0;0
07.12.25 00:30;07.12.25 00:45;0;0
07.12.25 00:45;07.12.25 01:00;0;0
07.12.25 01:00;07.12.25 01:15;0;0
07.12.25 01:15;07.12.25 01:30;0;0
07.12.25 01:30;07.12.25 01:45;0;0
07.12.25 01:45;07.12.25 02:00;0;0
07.12.25 02:00;07.12.25 02:15;0;0
07.12.25 02:15;07.12.25 02:30;0;0
07.12.25 02:30;07.12.25 02:45;0;0
07.12.25 02:45;07.12.25 03:00;0;0
07.12.25 03:00;07.12.25 03:15;0;0
07.12.25 03:15;07.12.25 03:30;0;0
07.12.25 03:30;07.12.25 03:45;0;0
07.12.25 03:45;07.12.25 04:00;0;0
07.12.25 04:00;07.12.25 04:15;0;0
07.12.25 04:15;07.12.25 04:30;0;0
07.12.25 04:30;07.12.25 04:45;0;0
07.12.25 04:45;07.12.25 05:00;0;0
07.12.25 05:00;07.12.25 05:15;0;0
07.12.25 05:15;07.12.25 05:30;0;0
07.12.25 05:30;07.12.25 05:45;0;0
07.12.25 05:45;07.12.25 06:00;0;0
07.12.25 06:00;07.12.25 06:15;0;0
07.12.25 06:15;07.12.25 06:30;0;0
07.12.25 06:30;07.12.25 06:45;0;0
07.12.25 06:45;07.12.25 07:00;0;0
07.12.25 07:00;07.12.25 07:15;0;0
07.12.25 07:15;07.12.25 07:30;0;0
07.12.25 07:30;07.12.25 07:45;0;0
07.12.25 07:45;07.12.25 08:00;0,00002456;6,14
07.12.25 08:00;07.12.25 08:15;0,00013444;33,61
07.12.25 08:15;07.12.25 08:30;0,00031172;77,93
07.12.25 08:30;07.12.25 08:45;0,00061888;154,72
07.12.25 08:45;07.12.25 09:00;0,00103104;257,76
07.12.25 09:00;07.12.25 09:15;0,00153744;384,36
07.12.25 09:15;07.12.25 09:30;0,00208172;520,43
07.12.25 09:30;07.12.25 09:45;0,00262676;656,69
07.12.25 09:45;07.12.25 10:00;0,00316232;790,58
07.12.25 10:00;07.12.25 10:15;0,0036814;920,35
07.12.25 10:15;07.12.25 10:30;0,00415168;1.037,92
07.12.25 10:30;07.12.25 10:45;0,00458576;1.146,44
07.12.25 10:45;07.12.25 11:00;0,00497768;1.244,42
07.12.25 11:00;07.12.25 11:15;0,0053498;1.337,45
07.12.25 11:15;07.12.25 11:30;0,00568908;1.422,27
07.12.25 11:30;07.12.25 11:45;0,00593884;1.484,71
07.12.25 11:45;07.12.25 12:00;0,00606492;1.516,23
07.12.25 12:00;07.12.25 12:15;0,00610092;1.525,23
07.12.25 12:15;07.12.25 12:30;0,0060918;1.522,95
07.12.25 12:30;07.12.25 12:45;0,00597388;1.493,47
07.12.25 12:45;07.12.25 13:00;0,0057316;1.432,90
07.12.25 13:00;07.12.25 13:15;0,00543688;1.359,22
07.12.25 13:15;07.12.25 13:30;0,00511652;1.279,13
07.12.25 13:30;07.12.25 13:45;0,00473808;1.184,52
07.12.25 13:45;07.12.25 14:00;0,0042756;1.068,90
07.12.25 14:00;07.12.25 14:15;0,00378116;945,29
07.12.25 14:15;07.12.25 14:30;0,00328708;821,77
07.12.25 14:30;07.12.25 14:45;0,00273808;684,52
07.12.25 14:45;07.12.25 15:00;0,00216656;541,64
07.12.25 15:00;07.12.25 15:15;0,00161772;404,43
07.12.25 15:15;07.12.25 15:30;0,00110336;275,84
07.12.25 15:30;07.12.25 15:45;0,00065436;163,59
07.12.25 15:45;07.12.25 16:00;0,00033828;84,57
07.12.25 16:00;07.12.25 16:15;0,0001662;41,55
07.12.25 16:15;07.12.25 16:30;0,00009432;23,58
07.12.25 16:30;07.12.25 16:45;0,00006368;15,92
07.12.25 16:45;07.12.25 17:00;0;0
07.12.25 17:00;07.12.25 17:15;0;0
07.12.25 17:15;07.12.25 17:30;0;0
07.12.25 17:30;07.12.25 17:45;0;0
07.12.25 17:45;07.12.25 18:00;0;0
07.12.25 18:00;07.12.25 18:15;0;0
07.12.25 18:15;07.12.25 18:30;0;0
07.12.25 18:30;07.12.25 18:45;0;0
07.12.25 18:45;07.12.25 19:00;0;0
07.12.25 19:00;07.12.25 19:15;0;0
07.12.25 19:15;07.12.25 19:30;0;0
07.12.25 19:30;07.12.25 19:45;0;0
07.12.25 19:45;07.12.25 20:00;0;0
07.12.25 20:00;07.12.25 20:15;0;0
07.12.25 20:15;07.12.25 20:30;0;0
07.12.25 20:30;07.12.25 20:45;0;0
07.12.25 20:45;07.12.25 21:00;0;0
07.12.25 21:00;07.12.25 21:15;0;0
07.12.25 21:15;07.12.25 21:30;0;0
07.12.25 21:30;07.12.25 21:45;0;0
07.12.25 21:45;07.12.25 22:00;0;0
07.12.25 22:00;07.12.25 22:15;0;0
07.12.25 22:15;07.12.25 22:30;0;0
07.12.25 22:30;07.12.25 22:45;0;0
07.12.25 22:45;07.12.25 23:00;0;0
07.12.25 23:00;07.12.25 23:15;0;0
07.12.25 23:15;07.12.25 23:30;0;0
07.12.25 23:30;07.12.25 23:45;0;0
07.12.25 23:45;08.12.25 00:00;0;0
08.12.25 00:00;08.12.25 00:15;0;0
08.12.25 00:15;08.12.25 00:30;0;0
08.12.25 00:30;08.12.25 00:45;0;0
08.12.25 00:45;08.12.25 01:00;0;0
08.12.25 01:00;08.12.25 01:15;0;0
08.12.25 01:15;08.12.25 01:30;0;0
08.12.25 01:30;08.12.25 01:45;0;0
08.12.25 01:45;08.12.25 02:00;0;0
08.12.25 02:00;08.12.25 02:15;0;0
08.12.25 02:15;08.12.25 02:30;0;0
08.12.25 02:30;08.12.25 02:45;0;0
08.12.25 02:45;08.12.25 03:00;0;0
08.12.25 03:00;08.12.25 03:15;0;0
08.12.25 03:15;08.12.25 03:30;0;0
08.12.25 03:30;08.12.25 03:45;0;0
08.12.25 03:45;08.12.25 04:00;0;0
08.12.25 04:00;08.12.25 04:15;0;0
08.12.25 04:15;08.12.25 04:30;0;0
08.12.25 04:30;08.12.25 04:45;0;0
08.12.25 04:45;08.12.25 05:00;0;0
08.12.25 05:00;08.12.25 05:15;0;0
08.12.25 05:15;08.12.25 05:30;0;0
08.12.25 05:30;08.12.25 05:45;0;0
08.12.25 05:45;08.12.25 06:00;0;0
08.12.25 06:00;08.12.25 06:15;0;0
08.12.25 06:15;08.12.25 06:30;0;0
08.12.25 06:30;08.12.25 06:45;0;0
08.12.25 06:45;08.12.25 07:00;0;0
08.12.25 07:00;08.12.25 07:15;0;0
08.12.25 07:15;08.12.25 07:30;0;0
08.12.25 07:30;08.12.25 07:45;0;0
08.12.25 07:45;08.12.25 08:00;0,00003004;7,51
08.12.25 08:00;08.12.25 08:15;0,00013752;34,38
08.12.25 08:15;08.12.25 08:30;0,00040808;102,02
08.12.25 08:30;08.12.25 08:45;0,000922;230,5
08.12.25 08:45;08.12.25 09:00;0,0016572;414,3
08.12.25 09:00;08.12.25 09:15;0,00254756;636,89
08.12.25 09:15;08.12.25 09:30;0,00350996;877,49
08.12.25 09:30;08.12.25 09:45;0,00447972;1.119,93
08.12.25 09:45;08.12.25 10:00;0,00545968;1.364,92
08.12.25 10:00;08.12.25 10:15;0,00640656;1.601,64
08.12.25 10:15;08.12.25 10:30;0,00726496;1.816,24
08.12.25 10:30;08.12.25 10:45;0,00797952;1.994,88
08.12.25 10:45;08.12.25 11:00;0,0085162;2.129,05
08.12.25 11:00;08.12.25 11:15;0,00894076;2.235,19
08.12.25 11:15;08.12.25 11:30;0,00925048;2.312,62
08.12.25 11:30;08.12.25 11:45;0,00938588;2.346,47
08.12.25 11:45;08.12.25 12:00;0,0093218;2.330,45
08.12.25 12:00;08.12.25 12:15;0,00912208;2.280,52
08.12.25 12:15;08.12.25 12:30;0,00886408;2.216,02
08.12.25 12:30;08.12.25 12:45;0,00851492;2.128,73
08.12.25 12:45;08.12.25 13:00;0,00805588;2.013,97
08.12.25 13:00;08.12.25 13:15;0,0075486;1.887,15
08.12.25 13:15;08.12.25 13:30;0,0070254;1.756,35
08.12.25 13:30;08.12.25 13:45;0,00645632;1.614,08
08.12.25 13:45;08.12.25 14:00;0,0058076;1.451,90
08.12.25 14:00;08.12.25 14:15;0,00512008;1.280,02
08.12.25 14:15;08.12.25 14:30;0,00441312;1.103,28
08.12.25 14:30;08.12.25 14:45;0,00364376;910,94
08.12.25 14:45;08.12.25 15:00;0,00284856;712,14
08.12.25 15:00;08.12.25 15:15;0,00208772;521,93
08.12.25 15:15;08.12.25 15:30;0,00138908;347,27
08.12.25 15:30;08.12.25 15:45;0,00080976;202,44
08.12.25 15:45;08.12.25 16:00;0,00040712;101,78
08.12.25 16:00;08.12.25 16:15;0,00018048;45,12
08.12.25 16:15;08.12.25 16:30;0,00007996;19,99
08.12.25 16:30;08.12.25 16:45;0,00004396;10,99
08.12.25 16:45;08.12.25 17:00;0,00000116;0,29
08.12.25 17:00;08.12.25 17:15;0;0
08.12.25 17:15;08.12.25 17:30;0;0
08.12.25 17:30;08.12.25 17:45;0;0
08.12.25 17:45;08.12.25 18:00;0;0
08.12.25 18:00;08.12.25 18:15;0;0
08.12.25 18:15;08.12.25 18:30;0;0
08.12.25 18:30;08.12.25 18:45;0;0
08.12.25 18:45;08.12.25 19:00;0;0
08.12.25 19:00;08.12.25 19:15;0;0
08.12.25 19:15;08.12.25 19:30;0;0
08.12.25 19:30;08.12.25 19:45;0;0
08.12.25 19:45;08.12.25 20:00;0;0
08.12.25 20:00;08.12.25 20:15;0;0
08.12.25 20:15;08.12.25 20:30;0;0
08.12.25 20:30;08.12.25 20:45;0;0
08.12.25 20:45;08.12.25 21:00;0;0
08.12.25 21:00;08.12.25 21:15;0;0
08.12.25 21:15;08.12.25 21:30;0;0
08.12.25 21:30;08.12.25 21:45;0;0
08.12.25 21:45;08.12.25 22:00;0;0
08.12.25 22:00;08.12.25 22:15;0;0
08.12.25 22:15;08.12.25 22:30;0;0
08.12.25 22:30;08.12.25 22:45;0;0
08.12.25 22:45;08.12.25 23:00;0;0
08.12.25 23:00;08.12.25 23:15;0;0
08.12.25 23:15;08.12.25 23:30;0;0
08.12.25 23:30;08.12.25 23:45;0;0
08.12.25 23:45;09.12.25 00:00;0;0
09.12.25 00:00;09.12.25 00:15;0;0
09.12.25 00:15;09.12.25 00:30;0;0
09.12.25 00:30;09.12.25 00:45;0;0
09.12.25 00:45;09.12.25 01:00;0;0
09.12.25 01:00;09.12.25 01:15;0;0
09.12.25 01:15;09.12.25 01:30;0;0
09.12.25 01:30;09.12.25 01:45;0;0
09.12.25 01:45;09.12.25 02:00;0;0
09.12.25 02:00;09.12.25 02:15;0;0
09.12.25 02:15;09.12.25 02:30;0;0
09.12.25 02:30;09.12.25 02:45;0;0
09.12.25 02:45;09.12.25 03:00;0;0
09.12.25 03:00;09.12.25 03:15;0;0
09.12.25 03:15;09.12.25 03:30;0;0
09.12.25 03:30;09.12.25 03:45;0;0
09.12.25 03:45;09.12.25 04:00;0;0
09.12.25 04:00;09.12.25 04:15;0;0
09.12.25 04:15;09.12.25 04:30;0;0
09.12.25 04:30;09.12.25 04:45;0;0
09.12.25 04:45;09.12.25 05:00;0;0
09.12.25 05:00;09.12.25 05:15;0;0
09.12.25 05:15;09.12.25 05:30;0;0
09.12.25 05:30;09.12.25 05:45;0;0
09.12.25 05:45;09.12.25 06:00;0;0
09.12.25 06:00;09.12.25 06:15;0;0
09.12.25 06:15;09.12.25 06:30;0;0
09.12.25 06:30;09.12.25 06:45;0;0
09.12.25 06:45;09.12.25 07:00;0;0
09.12.25 07:00;09.12.25 07:15;0;0
09.12.25 07:15;09.12.25 07:30;0;0
09.12.25 07:30;09.12.25 07:45;0;0
09.12.25 07:45;09.12.25 08:00;0,00002328;5,82
09.12.25 08:00;09.12.25 08:15;0,00016684;41,71
09.12.25 08:15;09.12.25 08:30;0,00054052;135,13
09.12.25 08:30;09.12.25 08:45;0,00120308;300,77
09.12.25 08:45;09.12.25 09:00;0,00207816;519,54
09.12.25 09:00;09.12.25 09:15;0,00308396;770,99
09.12.25 09:15;09.12.25 09:30;0,00414624;1.036,56
09.12.25 09:30;09.12.25 09:45;0,005217;1.304,25
09.12.25 09:45;09.12.25 10:00;0,00626036;1.565,09
09.12.25 10:00;09.12.25 10:15;0,0072302;1.807,55
09.12.25 10:15;09.12.25 10:30;0,00811792;2.029,48
09.12.25 10:30;09.12.25 10:45;0,00892848;2.232,12
09.12.25 10:45;09.12.25 11:00;0,00963348;2.408,37
09.12.25 11:00;09.12.25 11:15;0,0102302;2.557,55
09.12.25 11:15;09.12.25 11:30;0,01071248;2.678,12
09.12.25 11:30;09.12.25 11:45;0,01112228;2.780,57
09.12.25 11:45;09.12.25 12:00;0,01141696;2.854,24
09.12.25 12:00;09.12.25 12:15;0,01155472;2.888,68
09.12.25 12:15;09.12.25 12:30;0,01156212;2.890,53
09.12.25 12:30;09.12.25 12:45;0,011436;2.859,00
09.12.25 12:45;09.12.25 13:00;0,0111694;2.792,35
09.12.25 13:00;09.12.25 13:15;0,01076376;2.690,94
09.12.25 13:15;09.12.25 13:30;0,01023904;2.559,76
09.12.25 13:30;09.12.25 13:45;0,0095982;2.399,55
09.12.25 13:45;09.12.25 14:00;0,00886444;2.216,11
09.12.25 14:00;09.12.25 14:15;0,00803944;2.009,86
09.12.25 14:15;09.12.25 14:30;0,00712216;1.780,54
09.12.25 14:30;09.12.25 14:45;0,00611784;1.529,46
09.12.25 14:45;09.12.25 15:00;0,00501092;1.252,73
09.12.25 15:00;09.12.25 15:15;0,0039106;977,65
09.12.25 15:15;09.12.25 15:30;0,00284656;711,64
09.12.25 15:30;09.12.25 15:45;0,001844;461
09.12.25 15:45;09.12.25 16:00;0,00097104;242,76
09.12.25 16:00;09.12.25 16:15;0,00036908;92,27
09.12.25 16:15;09.12.25 16:30;0,000103;25,75
09.12.25 16:30;09.12.25 16:45;0,00001704;4,26
09.12.25 16:45;09.12.25 17:00;0,00000256;0,64
09.12.25 17:00;09.12.25 17:15;0;0
09.12.25 17:15;09.12.25 17:30;0;0
09.12.25 17:30;09.12.25 17:45;0;0
09.12.25 17:45;09.12.25 18:00;0;0
09.12.25 18:00;09.12.25 18:15;0;0
09.12.25 18:15;09.12.25 18:30;0;0
09.12.25 18:30;09.12.25 18:45;0;0
09.12.25 18:45;09.12.25 19:00;0;0
09.12.25 19:00;09.12.25 19:15;0;0
09.12.25 19:15;09.12.25 19:30;0;0
09.12.25 19:30;09.12.25 19:45;0;0
09.12.25 19:45;09.12.25 20:00;0;0
09.12.25 20:00;09.12.25 20:15;0;0
09.12.25 20:15;09.12.25 20:30;0;0
09.12.25 20:30;09.12.25 20:45;0;0
09.12.25 20:45;09.12.25 21:00;0;0
09.12.25 21:00;09.12.25 21:15;0;0
09.12.25 21:15;09.12.25 21:30;0;0
09.12.25 21:30;09.12.25 21:45;0;0
09.12.25 21:45;09.12.25 22:00;0;0
09.12.25 22:00;09.12.25 22:15;0;0
09.12.25 22:15;09.12.25 22:30;0;0
09.12.25 22:30;09.12.25 22:45;0;0
09.12.25 22:45;09.12.25 23:00;0;0
09.12.25 23:00;09.12.25 23:15;0;0
09.12.25 23:15;09.12.25 23:30;0;0
09.12.25 23:30;09.12.25 23:45;0;0
09.12.25 23:45;10.12.25 00:00;0;0
10.12.25 00:00;10.12.25 00:15;0;0
10.12.25 00:15;10.12.25 00:30;0;0
10.12.25 00:30;10.12.25 00:45;0;0
10.12.25 00:45;10.12.25 01:00;0;0
10.12.25 01:00;10.12.25 01:15;0;0
10.12.25 01:15;10.12.25 01:30;0;0
10.12.25 01:30;10.12.25 01:45;0;0
10.12.25 01:45;10.12.25 02:00;0;0
10.12.25 02:00;10.12.25 02:15;0;0
10.12.25 02:15;10.12.25 02:30;0;0
10.12.25 02:30;10.12.25 02:45;0;0
10.12.25 02:45;10.12.25 03:00;0;0
10.12.25 03:00;10.12.25 03:15;0;0
10.12.25 03:15;10.12.25 03:30;0;0
10.12.25 03:30;10.12.25 03:45;0;0
10.12.25 03:45;10.12.25 04:00;0;0
10.12.25 04:00;10.12.25 04:15;0;0
10.12.25 04:15;10.12.25 04:30;0;0
10.12.25 04:30;10.12.25 04:45;0;0
10.12.25 04:45;10.12.25 05:00;0;0
10.12.25 05:00;10.12.25 05:15;0;0
10.12.25 05:15;10.12.25 05:30;0;0
10.12.25 05:30;10.12.25 05:45;0;0
10.12.25 05:45;10.12.25 06:00;0;0
10.12.25 06:00;10.12.25 06:15;0;0
10.12.25 06:15;10.12.25 06:30;0;0
10.12.25 06:30;10.12.25 06:45;0;0
10.12.25 06:45;10.12.25 07:00;0;0
10.12.25 07:00;10.12.25 07:15;0;0
10.12.25 07:15;10.12.25 07:30;0;0
10.12.25 07:30;10.12.25 07:45;0;0
10.12.25 07:45;10.12.25 08:00;0,0000046;1,15
10.12.25 08:00;10.12.25 08:15;0,00025052;62,63
10.12.25 08:15;10.12.25 08:30;0,00072356;180,89
10.12.25 08:30;10.12.25 08:45;0,00149216;373,04
10.12.25 08:45;10.12.25 09:00;0,00244252;610,63
10.12.25 09:00;10.12.25 09:15;0,00347736;869,34
10.12.25 09:15;10.12.25 09:30;0,00455944;1.139,86
10.12.25 09:30;10.12.25 09:45;0,00564064;1.410,16
10.12.25 09:45;10.12.25 10:00;0,00670892;1.677,23
10.12.25 10:00;10.12.25 10:15;0,00769528;1.923,82
10.12.25 10:15;10.12.25 10:30;0,008592;2.148,00
10.12.25 10:30;10.12.25 10:45;0,00938796;2.346,99
10.12.25 10:45;10.12.25 11:00;0,0100876;2.521,90
10.12.25 11:00;10.12.25 11:15;0,01066724;2.666,81
10.12.25 11:15;10.12.25 11:30;0,01112628;2.781,57
10.12.25 11:30;10.12.25 11:45;0,01143464;2.858,66
10.12.25 11:45;10.12.25 12:00;0,01156216;2.890,54
10.12.25 12:00;10.12.25 12:15;0,01152636;2.881,59
10.12.25 12:15;10.12.25 12:30;0,01138488;2.846,22
10.12.25 12:30;10.12.25 12:45;0,01109964;2.774,91
10.12.25 12:45;10.12.25 13:00;0,01066708;2.666,77
10.12.25 13:00;10.12.25 13:15;0,01009688;2.524,22
10.12.25 13:15;10.12.25 13:30;0,00945612;2.364,03
10.12.25 13:30;10.12.25 13:45;0,00871716;2.179,29
10.12.25 13:45;10.12.25 14:00;0,00789252;1.973,13
10.12.25 14:00;10.12.25 14:15;0,00697492;1.743,73
10.12.25 14:15;10.12.25 14:30;0,00600708;1.501,77
10.12.25 14:30;10.12.25 14:45;0,0050204;1.255,10
10.12.25 14:45;10.12.25 15:00;0,00401912;1.004,78
10.12.25 15:00;10.12.25 15:15;0,00308776;771,94
10.12.25 15:15;10.12.25 15:30;0,00221276;553,19
10.12.25 15:30;10.12.25 15:45;0,00143264;358,16
10.12.25 15:45;10.12.25 16:00;0,00073668;184,17
10.12.25 16:00;10.12.25 16:15;0,00028236;70,59
10.12.25 16:15;10.12.25 16:30;0,00008832;22,08
10.12.25 16:30;10.12.25 16:45;0,0000308;7,7
10.12.25 16:45;10.12.25 17:00;0,00000268;0,67
10.12.25 17:00;10.12.25 17:15;0;0
10.12.25 17:15;10.12.25 17:30;0;0
10.12.25 17:30;10.12.25 17:45;0;0
10.12.25 17:45;10.12.25 18:00;0;0
10.12.25 18:00;10.12.25 18:15;0;0
10.12.25 18:15;10.12.25 18:30;0;0
10.12.25 18:30;10.12.25 18:45;0;0
10.12.25 18:45;10.12.25 19:00;0;0
10.12.25 19:00;10.12.25 19:15;0;0
10.12.25 19:15;10.12.25 19:30;0;0
10.12.25 19:30;10.12.25 19:45;0;0
10.12.25 19:45;10.12.25 20:00;0;0
10.12.25 20:00;10.12.25 20:15;0;0
10.12.25 20:15;10.12.25 20:30;0;0
10.12.25 20:30;10.12.25 20:45;0;0
10.12.25 20:45;10.12.25 21:00;0;0
10.12.25 21:00;10.12.25 21:15;0;0
10.12.25 21:15;10.12.25 21:30;0;0
10.12.25 21:30;10.12.25 21:45;0;0
10.12.25 21:45;10.12.25 22:00;0;0
10.12.25 22:00;10.12.25 22:15;0;0
10.12.25 22:15;10.12.25 22:30;0;0
10.12.25 22:30;10.12.25 22:45;0;0
10.12.25 22:45;10.12.25 23:00;0;0
10.12.25 23:00;10.12.25 23:15;0;0
10.12.25 23:15;10.12.25 23:30;0;0
10.12.25 23:30;10.12.25 23:45;0;0
10.12.25 23:45;11.12.25 00:00;0;0
11.12.25 00:00;11.12.25 00:15;0;0
11.12.25 00:15;11.12.25 00:30;0;0
11.12.25 00:30;11.12.25 00:45;0;0
11.12.25 00:45;11.12.25 01:00;0;0
11.12.25 01:00;11.12.25 01:15;0;0
11.12.25 01:15;11.12.25 01:30;0;0
11.12.25 01:30;11.12.25 01:45;0;0
11.12.25 01:45;11.12.25 02:00;0;0
11.12.25 02:00;11.12.25 02:15;0;0
11.12.25 02:15;11.12.25 02:30;0;0
11.12.25 02:30;11.12.25 02:45;0;0
11.12.25 02:45;11.12.25 03:00;0;0
11.12.25 03:00;11.12.25 03:15;0;0
11.12.25 03:15;11.12.25 03:30;0;0
11.12.25 03:30;11.12.25 03:45;0;0
11.12.25 03:45;11.12.25 04:00;0;0
11.12.25 04:00;11.12.25 04:15;0;0
11.12.25 04:15;11.12.25 04:30;0;0
11.12.25 04:30;11.12.25 04:45;0;0
11.12.25 04:45;11.12.25 05:00;0;0
11.12.25 05:00;11.12.25 05:15;0;0
11.12.25 05:15;11.12.25 05:30;0;0
11.12.25 05:30;11.12.25 05:45;0;0
11.12.25 05:45;11.12.25 06:00;0;0
11.12.25 06:00;11.12.25 06:15;0;0
11.12.25 06:15;11.12.25 06:30;0;0
11.12.25 06:30;11.12.25 06:45;0;0
11.12.25 06:45;11.12.25 07:00;0;0
11.12.25 07:00;11.12.25 07:15;0;0
11.12.25 07:15;11.12.25 07:30;0;0
11.12.25 07:30;11.12.25 07:45;0;0
11.12.25 07:45;11.12.25 08:00;0,00000084;0,21
11.12.25 08:00;11.12.25 08:15;0,000109;27,25
11.12.25 08:15;11.12.25 08:30;0,0003252;81,3
11.12.25 08:30;11.12.25 08:45;0,00075832;189,58
11.12.25 08:45;11.12.25 09:00;0,00143248;358,12
11.12.25 09:00;11.12.25 09:15;0,00224388;560,97
11.12.25 09:15;11.12.25 09:30;0,00316316;790,79
11.12.25 09:30;11.12.25 09:45;0,00411592;1.028,98
11.12.25 09:45;11.12.25 10:00;0,00508296;1.270,74
11.12.25 10:00;11.12.25 10:15;0,00601984;1.504,96
11.12.25 10:15;11.12.25 10:30;0,00695152;1.737,88
11.12.25 10:30;11.12.25 10:45;0,00781568;1.953,92
11.12.25 10:45;11.12.25 11:00;0,00858592;2.146,48
11.12.25 11:00;11.12.25 11:15;0,00926784;2.316,96
11.12.25 11:15;11.12.25 11:30;0,009836;2.459,00
11.12.25 11:30;11.12.25 11:45;0,01032072;2.580,18
11.12.25 11:45;11.12.25 12:00;0,01063056;2.657,64
11.12.25 12:00;11.12.25 12:15;0,01073696;2.684,24
11.12.25 12:15;11.12.25 12:30;0,01076004;2.690,01
11.12.25 12:30;11.12.25 12:45;0,0106528;2.663,20
11.12.25 12:45;11.12.25 13:00;0,01039788;2.599,47
11.12.25 13:00;11.12.25 13:15;0,01000696;2.501,74
11.12.25 13:15;11.12.25 13:30;0,00952992;2.382,48
11.12.25 13:30;11.12.25 13:45;0,00894252;2.235,63
11.12.25 13:45;11.12.25 14:00;0,00822612;2.056,53
11.12.25 14:00;11.12.25 14:15;0,00739412;1.848,53
11.12.25 14:15;11.12.25 14:30;0,00647964;1.619,91
11.12.25 14:30;11.12.25 14:45;0,00545936;1.364,84
11.12.25 14:45;11.12.25 15:00;0,00439892;1.099,73
11.12.25 15:00;11.12.25 15:15;0,00335448;838,62
11.12.25 15:15;11.12.25 15:30;0,0023436;585,9
11.12.25 15:30;11.12.25 15:45;0,00143632;359,08
11.12.25 15:45;11.12.25 16:00;0,00071892;179,73
11.12.25 16:00;11.12.25 16:15;0,00029848;74,62
11.12.25 16:15;11.12.25 16:30;0,00011132;27,83
11.12.25 16:30;11.12.25 16:45;0,00003596;8,99
11.12.25 16:45;11.12.25 17:00;0,00000372;0,93
11.12.25 17:00;11.12.25 17:15;0;0
11.12.25 17:15;11.12.25 17:30;0;0
11.12.25 17:30;11.12.25 17:45;0;0
11.12.25 17:45;11.12.25 18:00;0;0
11.12.25 18:00;11.12.25 18:15;0;0
11.12.25 18:15;11.12.25 18:30;0;0
11.12.25 18:30;11.12.25 18:45;0;0
11.12.25 18:45;11.12.25 19:00;0;0
11.12.25 19:00;11.12.25 19:15;0;0
11.12.25 19:15;11.12.25 19:30;0;0
11.12.25 19:30;11.12.25 19:45;0;0
11.12.25 19:45;11.12.25 20:00;0;0
11.12.25 20:00;11.12.25 20:15;0;0
11.12.25 20:15;11.12.25 20:30;0;0
11.12.25 20:30;11.12.25 20:45;0;0
11.12.25 20:45;11.12.25 21:00;0;0
11.12.25 21:00;11.12.25 21:15;0;0
11.12.25 21:15;11.12.25 21:30;0;0
11.12.25 21:30;11.12.25 21:45;0;0
11.12.25 21:45;11.12.25 22:00;0;0
11.12.25 22:00;11.12.25 22:15;0;0
11.12.25 22:15;11.12.25 22:30;0;0
11.12.25 22:30;11.12.25 22:45;0;0
11.12.25 22:45;11.12.25 23:00;0;0
11.12.25 23:00;11.12.25 23:15;0;0
11.12.25 23:15;11.12.25 23:30;0;0
11.12.25 23:30;11.12.25 23:45;0;0
11.12.25 23:45;12.12.25 00:00;0;0
12.12.25 00:00;12.12.25 00:15;0;0
12.12.25 00:15;12.12.25 00:30;0;0
12.12.25 00:30;12.12.25 00:45;0;0
12.12.25 00:45;12.12.25 01:00;0;0
12.12.25 01:00;12.12.25 01:15;0;0
12.12.25 01:15;12.12.25 01:30;0;0
12.12.25 01:30;12.12.25 01:45;0;0
12.12.25 01:45;12.12.25 02:00;0;0
12.12.25 02:00;12.12.25 02:15;0;0
12.12.25 02:15;12.12.25 02:30;0;0
12.12.25 02:30;12.12.25 02:45;0;0
12.12.25 02:45;12.12.25 03:00;0;0
12.12.25 03:00;12.12.25 03:15;0;0
12.12.25 03:15;12.12.25 03:30;0;0
12.12.25 03:30;12.12.25 03:45;0;0
12.12.25 03:45;12.12.25 04:00;0;0
12.12.25 04:00;12.12.25 04:15;0;0
12.12.25 04:15;12.12.25 04:30;0;0
12.12.25 04:30;12.12.25 04:45;0;0
12.12.25 04:45;12.12.25 05:00;0;0
12.12.25 05:00;12.12.25 05:15;0;0
12.12.25 05:15;12.12.25 05:30;0;0
12.12.25 05:30;12.12.25 05:45;0;0
12.12.25 05:45;12.12.25 06:00;0;0
12.12.25 06:00;12.12.25 06:15;0;0
12.12.25 06:15;12.12.25 06:30;0;0
12.12.25 06:30;12.12.25 06:45;0;0
12.12.25 06:45;12.12.25 07:00;0;0
12.12.25 07:00;12.12.25 07:15;0;0
12.12.25 07:15;12.12.25 07:30;0;0
12.12.25 07:30;12.12.25 07:45;0;0
12.12.25 07:45;12.12.25 08:00;0,00000104;0,26
12.12.25 08:00;12.12.25 08:15;0,00016136;40,34
12.12.25 08:15;12.12.25 08:30;0,00042568;106,42
12.12.25 08:30;12.12.25 08:45;0,00095808;239,52
12.12.25 08:45;12.12.25 09:00;0,00172132;430,33
12.12.25 09:00;12.12.25 09:15;0,00264004;660,01
12.12.25 09:15;12.12.25 09:30;0,0036416;910,4
12.12.25 09:30;12.12.25 09:45;0,00466344;1.165,86
12.12.25 09:45;12.12.25 10:00;0,00569228;1.423,07
12.12.25 10:00;12.12.25 10:15;0,00666864;1.667,16
12.12.25 10:15;12.12.25 10:30;0,00757708;1.894,27
12.12.25 10:30;12.12.25 10:45;0,00842972;2.107,43
12.12.25 10:45;12.12.25 11:00;0,00922564;2.306,41
12.12.25 11:00;12.12.25 11:15;0,00993988;2.484,97
12.12.25 11:15;12.12.25 11:30;0,01053984;2.634,96
12.12.25 11:30;12.12.25 11:45;0,01102648;2.756,62
12.12.25 11:45;12.12.25 12:00;0,01136348;2.840,87
12.12.25 12:00;12.12.25 12:15;0,0115222;2.880,55
12.12.25 12:15;12.12.25 12:30;0,01153332;2.883,33
12.12.25 12:30;12.12.25 12:45;0,01139712;2.849,28
12.12.25 12:45;12.12.25 13:00;0,0111196;2.779,90
12.12.25 13:00;12.12.25 13:15;0,01069132;2.672,83
12.12.25 13:15;12.12.25 13:30;0,01013592;2.533,98
12.12.25 13:30;12.12.25 13:45;0,00945092;2.362,73
12.12.25 13:45;12.12.25 14:00;0,00864988;2.162,47
12.12.25 14:00;12.12.25 14:15;0,00774924;1.937,31
12.12.25 14:15;12.12.25 14:30;0,00676032;1.690,08
12.12.25 14:30;12.12.25 14:45;0,00567728;1.419,32
12.12.25 14:45;12.12.25 15:00;0,00457088;1.142,72
12.12.25 15:00;12.12.25 15:15;0,00348272;870,68
12.12.25 15:15;12.12.25 15:30;0,00243928;609,82
12.12.25 15:30;12.12.25 15:45;0,00150608;376,52
12.12.25 15:45;12.12.25 16:00;0,00078128;195,32
12.12.25 16:00;12.12.25 16:15;0,00031816;79,54
12.12.25 16:15;12.12.25 16:30;0,0001044;26,1
12.12.25 16:30;12.12.25 16:45;0,00003628;9,07
12.12.25 16:45;12.12.25 17:00;0,00000264;0,66
12.12.25 17:00;12.12.25 17:15;0;0
12.12.25 17:15;12.12.25 17:30;0;0
12.12.25 17:30;12.12.25 17:45;0;0
12.12.25 17:45;12.12.25 18:00;0;0
12.12.25 18:00;12.12.25 18:15;0;0
12.12.25 18:15;12.12.25 18:30;0;0
12.12.25 18:30;12.12.25 18:45;0;0
12.12.25 18:45;12.12.25 19:00;0;0
12.12.25 19:00;12.12.25 19:15;0;0
12.12.25 19:15;12.12.25 19:30;0;0
12.12.25 19:30;12.12.25 19:45;0;0
12.12.25 19:45;12.12.25 20:00;0;0
12.12.25 20:00;12.12.25 20:15;0;0
12.12.25 20:15;12.12.25 20:30;0;0
12.12.25 20:30;12.12.25 20:45;0;0
12.12.25 20:45;12.12.25 21:00;0;0
12.12.25 21:00;12.12.25 21:15;0;0
12.12.25 21:15;12.12.25 21:30;0;0
12.12.25 21:30;12.12.25 21:45;0;0
12.12.25 21:45;12.12.25 22:00;0;0
12.12.25 22:00;12.12.25 22:15;0;0
12.12.25 22:15;12.12.25 22:30;0;0
12.12.25 22:30;12.12.25 22:45;0;0
12.12.25 22:45;12.12.25 23:00;0;0
12.12.25 23:00;12.12.25 23:15;0;0
12.12.25 23:15;12.12.25 23:30;0;0
12.12.25 23:30;12.12.25 23:45;0;0
12.12.25 23:45;13.12.25 00:00;0;0
13.12.25 00:00;13.12.25 00:15;0;0
13.12.25 00:15;13.12.25 00:30;0;0
13.12.25 00:30;13.12.25 00:45;0;0
13.12.25 00:45;13.12.25 01:00;0;0
13.12.25 01:00;13.12.25 01:15;0;0
13.12.25 01:15;13.12.25 01:30;0;0
13.12.25 01:30;13.12.25 01:45;0;0
13.12.25 01:45;13.12.25 02:00;0;0
13.12.25 02:00;13.12.25 02:15;0;0
13.12.25 02:15;13.12.25 02:30;0;0
13.12.25 02:30;13.12.25 02:45;0;0
13.12.25 02:45;13.12.25 03:00;0;0
13.12.25 03:00;13.12.25 03:15;0;0
13.12.25 03:15;13.12.25 03:30;0;0
13.12.25 03:30;13.12.25 03:45;0;0
13.12.25 03:45;13.12.25 04:00;0;0
13.12.25 04:00;13.12.25 04:15;0;0
13.12.25 04:15;13.12.25 04:30;0;0
13.12.25 04:30;13.12.25 04:45;0;0
13.12.25 04:45;13.12.25 05:00;0;0
13.12.25 05:00;13.12.25 05:15;0;0
13.12.25 05:15;13.12.25 05:30;0;0
13.12.25 05:30;13.12.25 05:45;0;0
13.12.25 05:45;13.12.25 06:00;0;0
13.12.25 06:00;13.12.25 06:15;0;0
13.12.25 06:15;13.12.25 06:30;0;0
13.12.25 06:30;13.12.25 06:45;0;0
13.12.25 06:45;13.12.25 07:00;0;0
13.12.25 07:00;13.12.25 07:15;0;0
13.12.25 07:15;13.12.25 07:30;0;0
13.12.25 07:30;13.12.25 07:45;0;0
13.12.25 07:45;13.12.25 08:00;0,00000076;0,19
13.12.25 08:00;13.12.25 08:15;0,00008284;20,71
13.12.25 08:15;13.12.25 08:30;0,000244;61
13.12.25 08:30;13.12.25 08:45;0,00053952;134,88
13.12.25 08:45;13.12.25 09:00;0,00093524;233,81
13.12.25 09:00;13.12.25 09:15;0,00144668;361,67
13.12.25 09:15;13.12.25 09:30;0,00199704;499,26
13.12.25 09:30;13.12.25 09:45;0,00257236;643,09
13.12.25 09:45;13.12.25 10:00;0,003148;787
13.12.25 10:00;13.12.25 10:15;0,00371044;927,61
13.12.25 10:15;13.12.25 10:30;0,00421572;1.053,93
13.12.25 10:30;13.12.25 10:45;0,004704;1.176,00
13.12.25 10:45;13.12.25 11:00;0,00515368;1.288,42
13.12.25 11:00;13.12.25 11:15;0,0055464;1.386,60
13.12.25 11:15;13.12.25 11:30;0,00589372;1.473,43
13.12.25 11:30;13.12.25 11:45;0,00617164;1.542,91
13.12.25 11:45;13.12.25 12:00;0,00636604;1.591,51
13.12.25 12:00;13.12.25 12:15;0,00645488;1.613,72
13.12.25 12:15;13.12.25 12:30;0,00646288;1.615,72
13.12.25 12:30;13.12.25 12:45;0,00638544;1.596,36
13.12.25 12:45;13.12.25 13:00;0,0062146;1.553,65
13.12.25 13:00;13.12.25 13:15;0,00595032;1.487,58
13.12.25 13:15;13.12.25 13:30;0,00561456;1.403,64
13.12.25 13:30;13.12.25 13:45;0,00521432;1.303,58
13.12.25 13:45;13.12.25 14:00;0,00473952;1.184,88
13.12.25 14:00;13.12.25 14:15;0,0042296;1.057,40
13.12.25 14:15;13.12.25 14:30;0,00369004;922,51
13.12.25 14:30;13.12.25 14:45;0,00309524;773,81
13.12.25 14:45;13.12.25 15:00;0,00250456;626,14
13.12.25 15:00;13.12.25 15:15;0,00191476;478,69
13.12.25 15:15;13.12.25 15:30;0,00135308;338,27
13.12.25 15:30;13.12.25 15:45;0,00083636;209,09
13.12.25 15:45;13.12.25 16:00;0,00044324;110,81
13.12.25 16:00;13.12.25 16:15;0,00018904;47,26
13.12.25 16:15;13.12.25 16:30;0,00006444;16,11
13.12.25 16:30;13.12.25 16:45;0,00002296;5,74
13.12.25 16:45;13.12.25 17:00;0,00000136;0,34
13.12.25 17:00;13.12.25 17:15;0;0
13.12.25 17:15;13.12.25 17:30;0;0
13.12.25 17:30;13.12.25 17:45;0;0
13.12.25 17:45;13.12.25 18:00;0;0
13.12.25 18:00;13.12.25 18:15;0;0
13.12.25 18:15;13.12.25 18:30;0;0
13.12.25 18:30;13.12.25 18:45;0;0
13.12.25 18:45;13.12.25 19:00;0;0
13.12.25 19:00;13.12.25 19:15;0;0
13.12.25 19:15;13.12.25 19:30;0;0
13.12.25 19:30;13.12.25 19:45;0;0
13.12.25 19:45;13.12.25 20:00;0;0
13.12.25 20:00;13.12.25 20:15;0;0
13.12.25 20:15;13.12.25 20:30;0;0
13.12.25 20:30;13.12.25 20:45;0;0
13.12.25 20:45;13.12.25 21:00;0;0
13.12.25 21:00;13.12.25 21:15;0;0
13.12.25 21:15;13.12.25 21:30;0;0
13.12.25 21:30;13.12.25 21:45;0;0
13.12.25 21:45;13.12.25 22:00;0;0
13.12.25 22:00;13.12.25 22:15;0;0
13.12.25 22:15;13.12.25 22:30;0;0
13.12.25 22:30;13.12.25 22:45;0;0
13.12.25 22:45;13.12.25 23:00;0;0
13.12.25 23:00;13.12.25 23:15;0;0
13.12.25 23:15;13.12.25 23:30;0;0
13.12.25 23:30;13.12.25 23:45;0;0
13.12.25 23:45;14.12.25 00:00;0;0
14.12.25 00:00;14.12.25 00:15;0;0
14.12.25 00:15;14.12.25 00:30;0;0
14.12.25 00:30;14.12.25 00:45;0;0
14.12.25 00:45;14.12.25 01:00;0;0
14.12.25 01:00;14.12.25 01:15;0;0
14.12.25 01:15;14.12.25 01:30;0;0
14.12.25 01:30;14.12.25 01:45;0;0
14.12.25 01:45;14.12.25 02:00;0;0
14.12.25 02:00;14.12.25 02:15;0;0
14.12.25 02:15;14.12.25 02:30;0;0
14.12.25 02:30;14.12.25 02:45;0;0
14.12.25 02:45;14.12.25 03:00;0;0
14.12.25 03:00;14.12.25 03:15;0;0
14.12.25 03:15;14.12.25 03:30;0;0
14.12.25 03:30;14.12.25 03:45;0;0
14.12.25 03:45;14.12.25 04:00;0;0
14.12.25 04:00;14.12.25 04:15;0;0
14.12.25 04:15;14.12.25 04:30;0;0
14.12.25 04:30;14.12.25 04:45;0;0
14.12.25 04:45;14.12.25 05:00;0;0
14.12.25 05:00;14.12.25 05:15;0;0
14.12.25 05:15;14.12.25 05:30;0;0
14.12.25 05:30;14.12.25 05:45;0;0
14.12.25 05:45;14.12.25 06:00;0;0
14.12.25 06:00;14.12.25 06:15;0;0
14.12.25 06:15;14.12.25 06:30;0;0
14.12.25 06:30;14.12.25 06:45;0;0
14.12.25 06:45;14.12.25 07:00;0;0
14.12.25 07:00;14.12.25 07:15;0;0
14.12.25 07:15;14.12.25 07:30;0;0
14.12.25 07:30;14.12.25 07:45;0;0
14.12.25 07:45;14.12.25 08:00;0,0000004;0,1
14.12.25 08:00;14.12.25 08:15;0,00007444;18,61
14.12.25 08:15;14.12.25 08:30;0,00020944;52,36
14.12.25 08:30;14.12.25 08:45;0,0004602;115,05
14.12.25 08:45;14.12.25 09:00;0,00083684;209,21
14.12.25 09:00;14.12.25 09:15;0,00134316;335,79
14.12.25 09:15;14.12.25 09:30;0,0019354;483,85
14.12.25 09:30;14.12.25 09:45;0,00256336;640,84
14.12.25 09:45;14.12.25 10:00;0,00320192;800,48
14.12.25 10:00;14.12.25 10:15;0,0038196;954,9
14.12.25 10:15;14.12.25 10:30;0,0043902;1.097,55
14.12.25 10:30;14.12.25 10:45;0,0049152;1.228,80
14.12.25 10:45;14.12.25 11:00;0,00541436;1.353,59
14.12.25 11:00;14.12.25 11:15;0,0058498;1.462,45
14.12.25 11:15;14.12.25 11:30;0,00622488;1.556,22
14.12.25 11:30;14.12.25 11:45;0,00651328;1.628,32
14.12.25 11:45;14.12.25 12:00;0,00672944;1.682,36
14.12.25 12:00;14.12.25 12:15;0,00686896;1.717,24
14.12.25 12:15;14.12.25 12:30;0,00692544;1.731,36
14.12.25 12:30;14.12.25 12:45;0,00688696;1.721,74
14.12.25 12:45;14.12.25 13:00;0,00673872;1.684,68
14.12.25 13:00;14.12.25 13:15;0,0065068;1.626,70
14.12.25 13:15;14.12.25 13:30;0,00618848;1.547,12
14.12.25 13:30;14.12.25 13:45;0,00578436;1.446,09
14.12.25 13:45;14.12.25 14:00;0,00528076;1.320,19
14.12.25 14:00;14.12.25 14:15;0,0047266;1.181,65
14.12.25 14:15;14.12.25 14:30;0,00411872;1.029,68
14.12.25 14:30;14.12.25 14:45;0,00346356;865,89
14.12.25 14:45;14.12.25 15:00;0,00277816;694,54
14.12.25 15:00;14.12.25 15:15;0,00211336;528,34
14.12.25 15:15;14.12.25 15:30;0,0014818;370,45
14.12.25 15:30;14.12.25 15:45;0,00092344;230,86
14.12.25 15:45;14.12.25 16:00;0,00048632;121,58
14.12.25 16:00;14.12.25 16:15;0,00022136;55,34
14.12.25 16:15;14.12.25 16:30;0,0000924;23,1
14.12.25 16:30;14.12.25 16:45;0,00004004;10,01
14.12.25 16:45;14.12.25 17:00;0,00000372;0,93
14.12.25 17:00;14.12.25 17:15;0;0
14.12.25 17:15;14.12.25 17:30;0;0
14.12.25 17:30;14.12.25 17:45;0;0
14.12.25 17:45;14.12.25 18:00;0;0
14.12.25 18:00;14.12.25 18:15;0;0
14.12.25 18:15;14.12.25 18:30;0;0
14.12.25 18:30;14.12.25 18:45;0;0
14.12.25 18:45;14.12.25 19:00;0;0
14.12.25 19:00;14.12.25 19:15;0;0
14.12.25 19:15;14.12.25 19:30;0;0
14.12.25 19:30;14.12.25 19:45;0;0
14.12.25 19:45;14.12.25 20:00;0;0
14.12.25 20:00;14.12.25 20:15;0;0
14.12.25 20:15;14.12.25 20:30;0;0
14.12.25 20:30;14.12.25 20:45;0;0
14.12.25 20:45;14.12.25 21:00;0;0
14.12.25 21:00;14.12.25 21:15;0;0
14.12.25 21:15;14.12.25 21:30;0;0
14.12.25 21:30;14.12.25 21:45;0;0
14.12.25 21:45;14.12.25 22:00;0;0
14.12.25 22:00;14.12.25 22:15;0;0
14.12.25 22:15;14.12.25 22:30;0;0
14.12.25 22:30;14.12.25 22:45;0;0
14.12.25 22:45;14.12.25 23:00;0;0
14.12.25 23:00;14.12.25 23:15;0;0
14.12.25 23:15;14.12.25 23:30;0;0
14.12.25 23:30;14.12.25 23:45;0;0
14.12.25 23:45;15.12.25 00:00;0;0