;Volkswagen;Volkswagen;Volkswagen;Volkswagen;Volkswagen;Volvo;Volvo;Mini;smart;Mercedes;Mercedes;Mercedes;Mercedes;Mercedes;Mercedes;BMW;BMW;BMW;Porsche;Porsche;Porsche;Hyundai;Hyundai;KIA;KIA;Polestar;Polestar;Lucid;Fiat;Fiat;Tesla;Tesla;Tesla;Tesla;Audi;Audi;Audi;Genesis;Genesis;Genesis;Opel;Opel;Opel;Opel;Mercedes;Mercedes;Opel;Opel;Opel;VW;Fiat;Fiat;Peugeot;Toyota
max. Kapazität;77;77;77;86;86;69;82;37;66;70;80;91;91;118;58;81;102;110;93;93;100;53;77;77;64;100;78;120;42;54;100;100;65;58;59;89;97;77;77;87;51;51;50;50;47;90;50;75;50;82;50;50;50;75
Fahrzeugklasse;PKW;PKW;PKW;PKW;PKW;PKW;PKW;PKW;PKW;PKW;PKW;PKW;PKW;PKW;PKW;PKW;PKW;PKW;PKW;PKW;PKW;PKW;PKW;PKW;PKW;PKW;PKW;PKW;PKW;PKW;PKW;PKW;PKW;PKW;PKW;PKW;PKW;PKW;PKW;PKW;PKW;PKW;PKW;PKW;Transporter;Transporter;Transporter;Transporter;Transporter;Transporter;Transporter;Transporter;Transporter;Transporter
SoC [%];ID.3;ID.4 Pro S;ID.4 Pro 4Motion;ID.7;ID.7 Tourer;EX30 Twin;XC40 Recharge;Cooper E;1# Pro Plus;EQA;EQC;EQE;EQE SUV;EQS;CLA;i4 xDrive40;i7 xDrive60;iX xDrive50;Taycan;Taycan Tourismo;Macan;IONIQ 5;IONIQ 6;EV60;Niro EV;2 LR SM;2 LR DM;Air Grand Touring;500e Hatchback;600e;Model S;Model X;Model Y;Model 3;Q4 e-tron;Q8 e-tron;e-tron GT;GV60;GV70;G80 Electrified;Astra Electric GS;Astra Sport Tourer;Corsa e;Mokka e;E-Sprinter;E-Vito;Combo e;Zafira e;Vivaro e;ID.Buzz Cargo;e Dobló;e Scudo;e Expert;ProAce Electric
0;;;;;;;;;;;;;;;;;;;;;;;;;;;;;;;;;;;;;;;;;;;;;;;;;;;;;;
0,5;;;;;;;;;;;;;;;;;;;;;;;;;;;;;;;;;;;;;;;;;;;;;;;;;;;;;;
1;;;;;;;;;;;;;;;;;;;;;;;;;;;;;;;;;;;;;;;;;;;;;;;;;;;;;;
1,5;;;;;;;;;;;;;;;;;;;;;;;;;;;;;;;;;;;;;;;;;;;;;;;;;;;;;;
2;;;;;;;;;;;;;;;;;;;;;;;;;;;;;;;;;;;;;;;;;;;;;;;;;;;;;;
2,5;;;;;;;;;;;105,353;;;;;;;;;;;;;;;;;;;;;;;;;;;;;;;;;;;;;;;;;;;
3;164,759;;;;;;;;;;106,017;;;;;;;;;;;;;;;;;;;;;;;;;;;;;;;;;;;;;;;164,759;;;;
3,5;164,671;;;;;;;;;;106,289;;;;;;;;;;;;;;;;;;;;;;;;;;;;;;;;;;;;;;;164,671;;;;
4;164,835;;;;;;;;;;106,545;;;;;;;;;229,428;;;;;;;;;;;;;;;;;;;;;;;;;;;;96,28;;164,835;;;;96,27
4,5;165,114;;;;;;;;;;106,533;;;;;;;;;229,824;;;;;;;;;;;;;;;;;;;;;;;;;;;;97,13;;165,114;;;;97,26
5;165,682;;;;;;;;;;106,807;158,825;;;;;;;;230,352;256,490;;;;;;;;;;;;;;;;;;;;;;;;;;;98,04;;165,682;;;;98,12
5,5;166,616;;80,349;;;;;;;;106,941;158,706;165,799;;;;;;;235,948;256,580;;;;;;;;;;;;;;;;;;;;;;;;;;;98,60;;166,616;;;;98,69
6;167,241;;116,493;;;;;;;;107,070;159,071;165,791;;;;;;;241,891;256,455;;;;;;;;;;;;;;;;;;;;;;;;;;;99,03;;167,241;;;;99,11
6,5;167,802;;152,398;;;;;;;;107,329;160,891;166,381;;353,036;;;;;243,729;257,030;;;;;;;;;;;;;;;;;;;;;;;;;;;99,62;;167,802;;;;99,68
7;168,235;;168,092;;;;;;;;107,333;162,657;166,974;;353,622;;;;;244,749;258,095;;;;;;;;;;;;;;;;;;;;;;;;79,10;109,88;;99,83;;168,235;;;;99,82
7,5;169,186;;179,105;;;61,359;;60,005;;;107,593;163,489;167,547;;353,472;;;;;246,087;259,839;;;;;;;;;;;;;;;;;;;;;;;;79,23;109,86;;99,83;;169,186;;;;99,82
8;170,345;;180,911;;;61,759;;61,692;;;107,722;164,102;167,547;;353,316;;;;;247,834;261,377;;;;;;;;71,942;;;;;;;;;;;;;;;;79,30;109,86;;99,83;;170,345;;;;99,82
8,5;170,864;;181,755;;;62,146;;62,949;;;107,855;164,719;167,547;;353,316;;;;;248,463;262,078;;;;;;;;71,944;;;;;;;;;;;;;;;;79,37;109,86;;99,83;;170,864;;;;99,82
9;171,724;;181,766;;;62,144;;64,435;;;108,128;164,990;167,547;;353,316;;;;;249,369;262,411;;;;;;;;72,104;;;;;;;;;;;;;;;;79,43;109,86;;99,83;;171,724;;;;99,82
9,5;173,272;;181,761;;;62,144;;65,644;;;108,118;165,370;168,113;;353,345;;;;;250,132;262,733;;;;;;;;72,445;;;;;;;;;;;;;;;;79,52;109,86;;99,83;;173,272;;;;99,82
10;174,52;138,27;182,32;197,45;195,78;65,55;205,54;65,93;149,87;108,02;108,25;165,52;168,71;165,41;353,01;204,12;189,89;188,37;291,40;250,82;263,19;186,80;186,87;165,94;83,33;212,70;151,82;221,99;73,14;100,05;175,17;179,26;188,83;126,13;143,42;141,04;257,66;219,55;190,84;165,91;105,60;104,02;72,55;97,16;79,64;109,86;78,47;99,83;98,91;174,52;99,15;99,15;99,15;99,82
10,5;174,67;139,10;182,84;197,87;196,96;80,69;206,15;66,07;149,87;108,25;108,40;166,13;168,71;165,80;353,01;203,77;190,30;188,37;290,89;250,82;263,96;187,35;187,49;166,08;81,76;207,25;150,59;230,66;74,10;100,11;178,02;190,49;189,36;125,54;144,62;139,78;258,50;220,03;191,06;165,91;105,74;103,95;72,35;96,89;79,77;109,86;81,66;99,83;99,19;174,67;99,23;99,23;99,23;99,82
11;174,95;140,01;182,83;197,85;198,14;102,33;206,85;66,00;149,87;108,46;108,50;166,63;168,71;165,79;353,01;203,78;191,02;188,35;290,83;250,80;264,33;187,90;188,32;166,08;80,30;206,49;151,41;242,16;75,13;100,17;183,25;203,37;189,36;124,72;145,20;140,20;259,31;220,03;191,04;165,92;105,74;103,95;72,35;96,10;79,83;109,86;84,79;99,83;99,40;174,95;99,45;99,45;99,45;99,82
11,5;175,41;140,79;182,81;198,50;198,44;125,70;206,98;66,00;149,87;108,65;108,64;167,02;168,71;166,38;353,01;204,60;191,34;190,11;292,62;251,01;263,86;188,45;188,97;166,08;80,10;198,69;152,23;238,00;76,15;100,23;190,68;205,21;190,16;123,88;145,42;140,66;259,32;220,87;191,88;166,72;105,74;103,95;72,35;96,87;79,90;109,86;84,97;99,83;99,73;175,41;99,72;99,72;99,72;99,82
12;175,93;141,73;183,33;198,90;198,44;145,64;206,98;66,73;149,87;108,78;108,90;167,28;168,71;166,97;353,01;205,41;191,32;191,29;294,41;251,21;263,43;189,64;189,73;166,08;80,10;190,25;152,85;231,07;77,07;100,29;197,48;205,21;191,00;123,07;145,43;140,63;259,32;221,46;192,69;167,55;105,74;103,95;72,35;97,68;79,97;109,86;84,97;99,83;100,02;175,93;100,14;100,14;100,14;99,82
12,5;176,33;143,18;183,68;198,90;198,44;152,85;207,80;68,21;149,87;108,85;108,90;167,52;168,71;167,55;353,01;205,41;192,14;191,59;294,97;251,69;265,66;189,65;189,73;166,91;79,48;185,05;152,23;235,79;77,57;100,35;201,25;206,04;191,00;122,25;146,22;140,63;259,32;221,67;192,69;168,34;106,53;104,77;72,35;97,26;80,11;109,86;84,97;99,83;100,46;176,33;100,63;100,63;100,63;99,82
13;176,49;144,03;183,68;198,90;198,44;153,40;206,44;69,16;149,87;109,05;108,90;167,77;168,71;167,55;353,02;205,41;192,84;191,27;295,55;252,84;267,68;189,65;189,73;166,94;79,88;180,34;151,56;240,98;78,00;100,41;205,04;206,72;191,00;121,23;146,83;141,16;259,32;221,67;192,69;168,98;107,17;105,36;72,35;97,49;80,24;109,86;85,02;99,83;100,74;176,49;100,78;100,78;100,78;99,82
13,5;176,09;143,95;183,68;198,90;198,45;153,94;200,31;69,65;149,66;109,26;109,16;167,78;168,71;167,55;353,65;206,22;192,96;191,29;293,74;254,14;267,71;189,65;189,73;167,72;80,10;185,32;152,25;231,58;78,46;100,47;206,03;206,85;191,00;120,59;147,06;141,66;259,32;222,35;192,69;168,14;107,18;105,58;72,35;97,67;80,24;109,86;87,17;99,83;100,67;176,09;100,70;100,70;100,70;99,82
14;175,28;143,51;183,68;198,90;199,05;154,23;193,04;70,08;149,66;109,52;109,16;167,77;168,71;167,55;353,92;207,03;193,16;191,86;292,64;255,41;268,44;189,65;189,73;167,72;80,10;190,94;153,04;220,61;78,96;100,63;206,84;206,85;190,99;119,78;147,06;142,27;259,32;223,10;192,69;167,55;107,18;105,58;72,35;97,67;80,31;109,86;89,67;99,83;100,60;175,28;100,62;100,62;100,62;99,82
14,5;174,86;143,15;183,93;199,32;199,25;154,65;191,47;70,54;149,66;109,72;109,30;167,97;168,71;168,11;353,80;207,05;193,78;192,45;292,64;255,32;267,71;189,65;189,73;167,72;80,10;192,92;153,05;223,00;79,50;100,57;206,85;207,65;191,82;119,19;147,06;142,68;260,14;223,10;192,69;168,35;107,18;105,79;72,35;96,86;80,38;109,86;89,67;99,83;100,68;174,86;100,78;100,78;100,78;99,82
15;174,37;142,65;184,55;199,73;199,25;155,07;191,39;71,32;149,66;109,93;109,43;168,27;168,71;168,71;353,32;207,05;194,50;193,03;292,64;255,63;267,35;189,65;189,95;167,72;80,10;194,37;153,05;226,91;80,02;100,65;207,69;208,29;192,57;118,36;147,06;143,09;260,80;223,10;192,69;168,98;107,40;105,79;72,36;96,06;80,44;109,86;89,66;99,83;100,89;174,37;100,93;100,93;100,93;99,82
15,5;174,39;142,50;184,96;199,73;199,25;155,11;194,30;73,10;149,66;109,93;109,43;168,65;168,71;168,71;352,56;207,05;194,59;193,03;293,21;255,96;266,46;190,23;190,53;167,72;80,10;195,27;153,05;218,88;80,47;100,58;208,49;208,48;191,83;118,36;146,55;143,19;260,95;223,10;193,51;168,36;107,98;105,79;73,76;96,87;80,50;109,86;87,18;99,83;101,04;174,39;101,07;101,07;101,07;99,82
16;174,83;141,96;184,96;199,74;199,25;155,02;194,67;74,80;149,66;110,14;109,69;168,78;168,71;168,71;351,80;207,05;194,59;192,41;294,12;255,52;265,58;190,81;191,37;167,72;80,10;194,91;153,05;209,51;81,09;100,61;209,51;208,48;190,99;118,36;146,65;143,09;260,95;223,10;194,13;168,98;108,81;105,79;75,41;97,69;80,64;109,86;85,55;99,83;101,07;174,83;101,07;101,07;101,07;99,82
16,5;175,95;140,71;184,96;200,28;199,25;155,18;185,16;75,00;149,66;110,20;109,69;168,77;168,71;168,71;350,59;207,86;194,59;186,38;294,10;255,55;265,28;190,81;191,37;167,72;80,10;183,77;153,05;211,36;82,06;101,04;209,51;209,09;190,38;118,36;146,24;143,09;261,77;222,49;194,33;168,98;108,81;106,19;75,41;97,67;80,84;109,86;84,97;99,83;100,35;175,95;100,23;100,23;100,23;99,82
17;177,06;139,52;184,96;200,76;199,25;155,35;175,97;74,96;149,66;110,24;109,69;168,78;168,71;168,71;349,36;208,49;195,20;180,00;294,38;256,62;265,08;192,61;193,27;167,72;79,53;172,44;153,05;214,29;82,97;102,16;209,51;209,92;189,60;118,36;145,22;142,44;262,39;221,67;194,33;169,20;108,48;106,81;75,76;97,67;81,06;109,86;84,97;99,83;99,71;177,06;99,74;99,74;99,74;99,82
17,5;177,75;138,80;184,96;200,76;200,09;155,52;176,78;74,58;149,66;110,40;109,69;169,16;168,71;168,71;347,69;208,68;195,20;173,56;294,97;257,03;264,69;206,03;207,08;167,72;73,54;173,62;153,05;209,62;83,16;102,44;209,92;210,34;187,83;118,36;144,61;142,47;262,79;222,38;194,33;169,89;102,69;106,81;81,71;97,67;81,05;109,86;85,80;99,83;99,85;177,75;99,94;99,94;99,94;99,82
18;178,25;138,19;184,96;200,76;200,72;155,56;178,34;73,98;149,66;110,46;109,69;169,40;168,72;168,71;346,59;208,68;194,59;167,97;295,55;257,20;264,70;219,48;220,31;167,72;66,96;178,44;153,05;204,06;83,01;102,90;210,33;210,32;186,50;118,14;143,79;142,47;263,42;223,10;194,33;170,61;96,70;106,81;87,72;97,67;81,05;109,86;86,38;99,83;99,94;178,25;99,94;99,94;99,94;99,82
18,5;177,94;137,45;184,96;200,76;200,89;155,59;179,16;73,93;149,66;110,60;109,95;169,46;169,92;168,71;346,39;208,68;195,39;167,99;294,97;257,20;264,33;222,27;222,44;168,34;66,00;179,45;153,87;206,72;82,86;103,53;210,33;210,32;186,50;117,95;142,96;142,47;263,41;223,10;194,33;170,61;96,13;106,42;88,09;97,67;81,18;109,86;86,60;99,83;99,06;177,94;98,98;98,98;98,98;99,82
19;177,28;137,06;184,96;200,76;200,89;155,63;179,95;74,00;149,66;110,67;109,95;169,53;170,46;168,71;345,81;208,28;196,02;167,99;294,39;257,39;264,33;222,86;223,04;169,11;65,38;180,28;154,49;209,65;83,05;103,93;210,33;210,32;186,28;117,55;142,18;142,23;263,41;223,10;194,33;170,61;96,31;106,60;87,38;97,65;81,26;109,86;86,60;99,83;97,86;177,28;97,69;97,69;97,69;99,82
19,5;176,00;137,12;184,96;200,76;200,89;155,67;181,42;74,00;149,66;110,87;110,08;169,53;170,46;168,71;343,36;202,31;196,02;167,99;294,97;257,58;264,83;223,00;223,26;169,95;65,16;180,99;154,69;206,41;84,01;103,65;210,74;210,73;185,49;117,96;141,41;142,86;263,18;223,10;194,33;170,20;96,95;101,54;78,81;98,48;81,32;109,86;88,01;99,83;96,65;176,00;96,48;96,48;96,48;99,82
20;174,00;137,39;184,96;200,76;200,89;155,71;183,03;74,00;149,66;110,87;110,10;169,39;170,46;168,71;340,68;196,40;196,02;167,99;295,55;258,17;265,38;222,86;223,26;170,78;64,76;181,76;154,69;202,47;85,00;103,11;211,55;211,54;184,59;117,96;140,74;143,69;264,02;223,10;194,33;169,80;97,76;96,43;69,91;97,67;81,39;109,86;89,69;99,83;95,87;174,00;95,94;95,94;95,94;99,82
20,5;171,02;137,28;184,96;200,76;200,89;156,00;183,86;74,00;149,66;110,96;110,19;169,15;170,46;168,71;335,63;196,61;196,02;167,99;295,55;257,95;265,08;222,86;223,26;170,79;64,36;183,33;154,70;204,10;85,10;103,12;210,73;211,55;183,03;117,96;140,11;143,90;264,02;223,10;194,33;170,20;97,77;95,98;69,08;97,67;81,51;109,86;90,48;99,83;96,16;171,02;96,23;96,23;96,23;99,82
21;168,29;137,05;184,96;200,76;200,89;156,04;183,56;74,00;149,66;111,07;110,21;169,03;170,46;168,71;330,50;197,84;197,06;167,99;295,55;257,95;264,90;222,86;223,26;170,38;64,36;184,22;155,30;206,71;85,03;102,97;210,33;211,55;181,41;117,96;139,08;143,90;264,02;223,71;194,33;170,61;97,77;95,98;69,08;97,67;81,58;109,86;91,11;99,83;96,54;168,29;96,57;96,57;96,57;99,82
21,5;166,67;137,31;184,96;201,40;200,89;156,08;173,93;73,70;149,66;111,13;110,21;169,28;170,46;168,71;328,08;198,25;197,45;168,58;295,58;258,50;264,89;223,03;223,26;170,38;64,36;175,61;154,89;206,03;85,03;102,04;210,74;211,55;180,64;117,55;139,08;144,52;264,02;224,12;194,33;170,61;97,77;95,98;69,08;97,67;81,65;109,86;91,30;99,83;96,69;166,67;96,72;96,72;96,72;99,82
22;164,86;137,50;184,96;201,79;200,89;156,12;164,79;72,82;149,66;111,30;110,42;169,53;170,46;168,71;325,89;198,86;197,86;169,16;295,55;258,89;265,54;223,73;223,26;170,47;64,36;167,54;154,48;205,25;85,03;101,34;211,55;211,55;179,95;117,55;139,08;144,52;264,02;224,74;194,33;170,87;98,37;95,98;69,08;97,67;81,72;109,86;91,19;99,83;96,81;164,86;96,87;96,87;96,87;99,82
22,5;162,23;137,71;184,96;202,20;200,89;156,16;166,69;72,08;149,66;111,34;110,48;170,06;170,46;168,71;324,75;198,86;197,86;169,16;295,55;258,89;266,24;223,72;223,26;171,19;64,36;167,41;154,48;202,91;85,03;101,35;211,56;212,37;179,54;117,55;139,09;144,52;264,02;224,74;194,33;171,23;98,38;96,05;69,08;97,67;81,71;109,86;88,16;99,83;97,07;162,23;97,19;97,19;97,19;99,82
23;159,61;137,93;184,96;202,43;200,89;156,19;168,73;72,00;149,66;111,54;110,48;170,29;170,46;168,72;323,46;198,86;197,86;169,16;295,55;258,89;266,96;223,15;223,26;171,81;64,36;169,01;154,08;200,56;85,03;101,42;211,55;212,97;179,13;116,93;139,08;143,90;264,23;224,74;194,33;171,84;98,38;96,19;68,67;97,67;81,85;109,86;85,18;99,83;97,44;159,61;97,53;97,53;97,53;99,82
23,5;156,82;137,93;184,96;202,21;201,63;156,23;170,37;72,00;149,66;111,60;110,48;170,63;169,92;169,92;322,68;198,66;198,14;169,16;295,55;259,26;266,96;222,86;223,26;172,01;65,14;170,05;152,06;200,07;85,11;101,57;212,59;213,19;178,12;116,93;139,08;143,90;264,84;225,56;195,17;171,84;97,77;96,16;68,67;97,67;81,87;109,86;85,78;99,83;97,71;156,82;97,75;97,75;97,75;99,82
24;152,76;137,96;184,96;202,21;202,32;156,27;170,78;72,00;149,66;111,75;110,47;171,04;168,72;170,46;321,98;198,92;198,27;169,16;295,55;259,65;267,07;222,86;223,26;172,01;65,79;170,66;149,16;198,85;85,04;101,71;212,97;213,19;176,68;116,93;139,08;143,90;265,66;225,56;195,77;171,84;97,29;96,15;68,67;97,67;81,99;109,86;86,38;99,83;97,86;152,76;97,91;97,91;97,91;99,82
24,5;150,93;137,49;184,96;202,21;202,32;156,30;170,78;72,00;149,66;111,81;110,74;171,33;168,71;170,46;322,79;188,65;198,46;169,16;295,55;259,83;268,01;223,42;223,90;172,01;65,79;171,48;148,96;197,64;84,60;101,86;213,19;213,19;175,87;116,52;139,08;143,90;266,07;226,17;196,38;171,42;91,59;96,80;68,67;97,67;82,05;109,86;86,60;99,83;97,71;150,93;97,75;97,75;97,75;99,82
25;149,68;137,07;184,96;202,21;202,32;156,34;170,78;72,00;149,66;111,89;111,00;171,53;168,71;170,46;323,47;179,24;198,86;169,16;295,55;259,83;268,83;224,04;224,70;172,01;65,79;172,09;148,96;195,94;83,94;102,10;213,19;213,19;175,04;116,12;139,08;143,90;267,09;226,17;196,38;172,25;86,14;97,61;68,67;96,84;82,13;109,86;86,60;99,83;97,65;149,68;97,68;97,68;97,68;99,82
25,5;148,85;136,14;184,96;202,21;202,32;156,37;170,78;72,00;149,66;111,79;111,13;171,29;168,12;170,46;322,87;176,77;198,88;169,16;295,55;260,20;268,83;224,61;224,70;172,01;65,40;172,09;148,96;194,75;83,46;102,67;213,19;213,59;174,22;116,11;139,08;144,54;267,29;225,77;195,97;170,82;85,84;97,62;69,08;85,75;82,12;109,35;86,60;99,83;97,79;148,85;97,89;97,89;97,89;99,82
26;147,90;135,30;184,96;202,21;202,32;156,41;170,77;72,00;150,10;111,61;111,13;171,30;167,29;170,46;322,17;176,77;198,88;167,57;295,55;260,59;268,35;224,50;224,69;172,01;64,98;171,77;148,47;194,19;82,96;103,30;213,19;213,99;173,39;115,50;139,08;145,35;267,29;225,14;197,27;170,39;86,50;97,21;69,08;74,66;82,19;108,80;86,60;99,83;98,09;147,90;98,16;98,16;98,16;99,82
26,5;146,34;134,69;184,96;202,21;202,32;156,44;170,37;72,00;150,48;111,47;111,13;171,81;166,38;170,46;319,26;176,77;198,88;156,25;295,55;260,77;266,20;223,46;223,88;172,01;65,41;166,72;145,45;192,63;82,48;103,60;213,19;214,00;172,08;115,09;139,08;146,17;267,29;225,15;209,86;171,22;86,72;97,62;69,08;74,63;82,12;108,30;86,60;99,83;98,50;146,34;98,56;98,56;98,56;99,82
27;144,67;134,68;184,96;202,21;202,32;156,47;168,54;72,00;150,48;111,11;111,26;172,16;165,80;170,46;316,04;176,77;199,50;146,78;295,55;260,77;263,73;222,86;223,26;172,01;65,79;161,46;142,83;191,28;82,04;103,86;213,19;214,01;170,34;115,09;138,89;146,97;267,29;225,15;221,64;171,63;86,72;97,13;69,08;76,86;82,19;107,85;86,59;99,83;98,75;144,67;98,78;98,78;98,78;99,82
27,5;143,32;135,25;184,96;202,21;202,32;156,50;164,56;72,00;149,87;111,00;111,26;172,29;164,67;170,46;313,50;176,77;199,08;145,29;295,55;260,77;262,83;223,46;224,03;172,01;65,79;162,68;142,62;190,70;81,98;104,15;213,19;214,38;168,69;114,27;138,26;147,57;267,29;225,56;222,97;171,63;86,72;92,07;69,08;77,03;82,19;107,28;88,07;99,83;98,53;143,32;98,50;98,50;98,50;99,82
28;141,66;135,66;184,96;202,23;202,32;156,53;160,93;72,00;149,87;110,66;111,25;172,55;164,05;170,46;310,64;176,77;196,02;145,28;295,55;260,75;262,17;224,50;224,70;172,01;65,79;164,35;142,21;190,70;81,98;104,30;213,19;214,62;167,13;113,66;137,68;148,99;267,29;226,36;222,97;172,25;86,72;87,82;69,08;77,03;82,19;106,78;88,86;99,83;98,31;141,66;98,34;98,34;98,34;99,82
28,5;140,19;134,90;184,96;203,08;202,32;156,82;160,75;72,00;149,66;110,46;111,53;172,55;162,25;169,92;307,66;176,77;194,39;145,28;295,55;261,20;260,78;224,61;224,70;172,85;66,00;164,33;141,55;190,11;81,54;94,29;213,86;215,23;165,41;113,66;137,45;149,81;267,29;225,56;222,97;172,25;86,72;87,00;69,08;77,03;82,19;106,29;80,03;99,83;98,46;140,19;98,49;98,49;98,49;99,82
29;138,64;134,12;184,96;203,45;202,32;156,85;160,96;71,31;149,66;110,26;111,53;172,55;161,18;168,72;304,57;176,96;192,79;145,28;295,55;261,70;259,25;224,61;224,70;173,48;66,00;164,33;140,77;189,53;81,07;99,00;214,62;215,84;164,01;113,66;137,45;150,24;267,29;224,94;222,97;172,25;86,72;87,00;69,08;77,03;82,19;105,79;71,48;99,83;98,53;138,64;98,56;98,56;98,56;99,82
29,5;137,01;134,23;184,96;203,45;202,32;157,00;161,37;68,64;149,66;110,14;111,53;172,80;159,97;168,71;301,82;177,58;191,20;145,28;295,55;261,88;257,79;224,61;224,70;174,06;66,00;164,33;140,77;188,41;81,03;88,78;214,62;215,84;163,19;113,66;136,63;150,24;267,29;224,74;222,97;172,25;86,72;87,00;69,08;77,03;82,26;105,21;70,57;99,83;98,53;137,01;98,56;98,56;98,56;99,82
30;135,76;134,35;184,96;203,45;202,32;157,16;162,39;66,39;149,66;109,93;111,53;173,05;159,39;168,71;299,68;178,96;189,90;145,28;295,55;262,06;256,84;224,61;224,70;174,06;65,79;164,33;140,77;187,78;80,98;84,00;214,62;215,84;162,39;113,66;135,98;150,24;267,50;224,74;222,97;172,25;86,72;86,59;69,08;77,03;82,33;104,92;70,67;99,83;97,68;135,76;96,97;96,97;96,97;99,82
30,5;134,53;134,23;184,96;203,87;202,32;157,56;162,39;66,00;149,66;109,79;111,66;173,05;158,30;168,12;296,73;179,02;189,69;145,28;295,84;262,25;256,83;224,61;224,70;174,06;65,79;164,33;140,77;186,17;80,49;80,53;214,62;215,84;160,87;113,66;135,81;150,24;267,63;224,80;222,97;172,66;86,72;86,59;69,08;77,03;82,32;104,92;71,49;99,83;87,74;134,53;86,11;86,11;86,11;99,82
31;133,65;134,23;184,96;204,28;202,32;157,59;162,20;66,00;149,87;109,73;111,79;172,81;157,63;167,29;294,21;179,02;189,69;145,28;295,84;262,45;257,02;224,61;224,70;174,06;65,51;164,13;140,77;184,88;80,02;80,04;214,62;216,06;159,28;113,66;135,81;150,24;267,50;226,17;222,97;173,06;86,93;86,59;69,28;77,03;82,32;104,92;72,08;99,39;79,05;133,65;78,74;78,74;78,74;98,29
31,5;132,78;134,23;184,96;203,86;202,32;157,61;160,03;66,00;149,87;109,56;111,79;171,96;155,83;166,38;292,26;179,43;188,79;145,28;295,84;262,14;256,27;224,61;224,70;173,65;61,08;160,26;140,77;183,71;79,95;79,81;214,62;215,63;157,67;113,66;135,81;150,45;267,50;226,17;222,97;173,06;87,33;86,59;70,65;77,03;82,40;104,92;72,31;90,99;78,69;132,78;78,72;78,72;78,72;88,09
32;131,99;134,23;184,96;203,45;202,54;157,64;157,90;66,00;150,50;109,52;111,79;171,02;154,76;165,80;290,18;178,53;187,00;145,28;295,84;262,64;254,87;224,61;224,70;173,65;56,83;156,53;140,57;183,13;80,02;79,51;215,47;216,25;156,23;113,66;135,81;150,85;267,29;226,17;222,97;173,06;87,54;86,59;72,15;77,03;82,39;104,92;72,31;80,55;78,69;131,99;78,72;78,72;78,72;79,00
32,5;131,03;134,23;184,96;203,07;203,12;157,66;157,69;66,00;150,48;109,39;111,92;170,37;153,57;164,67;287,65;165,98;185,80;145,28;295,84;262,62;252,73;224,61;224,70;173,65;56,62;157,17;138,31;183,13;80,02;79,70;215,63;216,25;155,19;113,25;135,81;151,46;268,13;226,19;223,79;173,06;87,54;86,59;71,54;77,03;82,39;104,84;72,31;76,35;78,69;131,03;78,72;78,72;78,72;75,87
33;130,17;134,23;184,96;202,32;203,96;157,68;157,48;66,00;150,44;109,26;111,92;169,43;152,71;164,05;285,38;153,13;185,01;145,28;295,84;262,69;251,01;224,07;224,69;173,65;56,39;157,98;135,03;183,13;80,02;79,82;216,26;216,25;154,40;112,84;136,43;151,46;268,72;225,13;222,97;173,06;87,54;86,59;70,71;77,64;82,46;104,84;72,31;75,03;78,69;130,17;78,71;78,71;78,71;75,02
33,5;129,20;134,23;184,96;202,21;203,96;157,70;154,65;66,00;146,39;109,25;112,03;169,02;149,58;162,25;282,82;152,22;183,32;145,28;295,55;262,65;250,46;223,43;223,87;174,28;56,39;157,99;134,23;183,71;80,17;79,95;216,26;216,25;153,37;112,84;136,43;151,47;268,72;225,15;222,97;173,27;87,54;86,59;70,71;78,06;82,52;104,84;72,31;75,03;78,91;129,20;78,94;78,94;78,94;75,01
34;128,45;134,23;184,96;202,21;203,95;157,72;148,48;66,00;143,32;109,05;112,05;168,25;146,27;161,18;280,23;152,86;181,70;145,88;295,55;262,71;250,29;223,15;223,26;175,08;56,39;157,99;134,45;184,29;79,98;80,07;216,26;216,06;151,52;112,85;136,43;150,84;268,72;225,15;222,97;173,82;87,13;86,59;70,71;78,05;82,52;104,84;72,10;75,03;79,13;128,45;79,17;79,17;79,17;75,01
34,5;127,68;134,23;184,96;202,21;203,12;157,73;148,93;66,00;143,32;109,06;112,05;167,44;142,18;159,97;277,94;153,03;181,10;146,45;295,55;263,15;249,44;223,73;223,26;175,08;56,39;157,99;135,23;183,72;79,15;79,95;216,26;212,31;149,64;110,69;136,02;150,24;268,72;225,15;222,97;173,88;87,13;86,59;71,55;78,40;82,52;104,84;72,10;75,03;79,00;127,68;79,01;79,01;79,01;75,01
35;126,75;134,23;184,96;202,21;202,50;157,75;149,50;66,00;143,32;108,85;112,17;166,59;139,01;159,39;276,00;153,03;180,07;146,70;295,55;263,61;248,59;223,80;223,26;175,08;57,50;157,77;135,86;183,13;77,95;80,03;216,43;208,47;147,97;108,08;135,81;150,37;268,72;225,15;222,97;173,88;87,13;86,59;72,34;78,46;82,52;104,84;72,10;75,03;78,87;126,75;78,86;78,86;78,86;75,01
35,5;125,88;134,23;184,96;200,87;201,71;155,11;149,71;66,00;143,32;108,65;112,31;165,99;138,70;158,30;273,34;153,86;178,52;142,70;295,55;264,26;247,57;223,44;223,87;175,08;67,55;153,29;135,86;182,50;76,98;80,18;217,07;205,19;146,41;110,19;135,81;150,04;268,72;225,15;222,96;173,88;87,13;86,59;72,35;77,85;82,55;104,84;72,84;75,03;78,61;125,88;78,64;78,64;78,64;75,01
36;124,78;134,23;184,96;199,33;201,09;150,82;149,71;66,00;143,73;108,53;112,31;165,25;138,15;157,63;271,13;154,47;176,99;139,16;295,55;264,13;244,81;224,30;224,70;175,08;77,63;149,01;135,65;181,59;75,99;80,30;217,89;201,95;145,00;110,33;135,81;150,04;268,72;225,15;222,97;174,49;87,13;86,59;72,35;77,03;82,66;104,90;74,55;75,03;78,47;124,78;78,50;78,50;78,50;75,01
36,5;124,04;133,69;184,33;199,29;201,09;148,16;149,71;66,00;137,57;108,38;112,31;164,66;133,38;155,83;269,07;153,87;176,20;138,47;295,55;264,50;242,40;224,61;224,70;175,08;78,67;149,27;133,62;181,38;74,93;80,25;217,89;198,97;144,42;109,57;135,81;149,20;268,72;225,15;222,97;174,49;87,54;87,41;72,35;77,80;82,66;104,92;75,17;75,03;78,54;124,04;78,57;78,57;78,57;75,01
37;122,93;133,34;182,63;198,86;200,86;144,71;149,50;66,00;129,35;108,25;112,31;163,85;129,18;154,76;266,84;153,03;175,58;137,71;295,55;264,90;239,13;224,05;224,69;175,08;78,67;150,02;128,00;181,38;73,88;80,18;217,89;195,66;143,27;108,94;135,81;148,61;268,72;224,74;222,97;174,89;88,15;88,02;71,52;78,46;82,77;104,92;75,37;75,03;78,70;122,93;78,71;78,71;78,71;75,01
37,5;121,62;133,60;180,94;194,58;198,44;144,30;148,89;66,00;128,81;108,13;112,31;163,16;130,23;153,57;264,56;153,86;176,19;137,71;295,55;265,09;236,74;223,44;223,88;175,08;78,67;150,02;127,88;179,32;72,90;80,12;215,62;191,67;141,72;108,76;134,97;149,21;268,72;224,74;222,97;174,90;88,15;88,03;70,12;77,85;82,79;104,92;75,37;75,03;78,92;121,62;78,93;78,93;78,93;75,01
38;120,24;134,01;178,82;189,85;197,04;144,30;148,69;66,00;128,81;107,85;112,57;162,21;130,48;152,71;262,28;154,48;175,97;137,71;295,55;265,09;234,91;222,86;223,26;175,08;78,67;150,22;129,34;176,73;71,91;79,66;213,02;187,85;140,07;108,76;134,17;150,04;268,93;224,74;222,97;174,90;88,15;88,43;67,65;77,03;82,79;104,92;75,37;75,03;79,06;120,24;79,16;79,16;79,16;75,01
38,5;119,29;133,79;176,67;187,86;194,54;144,68;146,43;66,00;128,81;107,59;112,57;161,48;127,06;149,58;258,86;150,90;175,57;137,71;295,55;265,09;234,16;223,46;223,99;175,08;78,87;150,84;124,09;176,12;70,92;79,52;208,41;185,38;138,51;107,92;133,78;150,04;269,53;224,74;222,97;174,88;88,15;88,43;67,44;78,02;82,86;104,92;75,37;75,09;79,20;119,29;79,29;79,29;79,29;75,15
39;118,42;133,68;174,99;186,48;192,85;145,27;143,36;66,38;129,01;107,44;112,56;160,52;124,43;146,27;256,19;147,44;173,98;137,71;295,55;265,28;233,49;223,95;224,69;175,08;78,87;151,68;118,86;174,99;69,78;79,65;203,84;182,82;136,78;107,27;132,63;150,04;270,36;224,74;222,97;174,49;88,15;88,43;67,44;78,44;82,93;105,15;75,37;75,23;79,28;118,42;79,31;79,31;79,31;75,22
39,5;117,61;133,58;170,43;185,49;191,28;145,26;143,37;66,93;129,01;107,41;112,06;160,06;123,22;142,18;251,90;147,33;171,55;138,30;295,55;265,46;232,64;223,45;223,88;175,08;78,87;151,65;119,70;173,77;68,74;79,73;200,50;178,97;134,31;107,12;131,13;150,04;270,36;224,74;222,97;174,49;88,15;88,84;67,44;78,87;82,93;105,08;75,37;75,23;79,28;117,61;79,31;79,31;79,31;75,22
40;116,61;133,58;162,78;184,28;189,70;145,28;143,50;66,93;129,01;107,11;111,52;159,36;122,67;139,01;247,73;147,71;169,01;138,69;295,55;265,45;231,95;222,86;223,26;175,30;78,87;151,44;121,56;172,06;67,94;79,55;197,26;175,17;133,13;107,12;129,46;150,04;270,36;224,74;223,44;173,88;88,15;88,84;67,44;78,87;82,93;105,19;75,37;75,23;79,28;116,61;79,31;79,31;79,31;75,22
40,5;115,35;133,36;153,96;182,52;185,70;145,26;144,17;66,93;129,01;106,94;111,00;158,42;122,12;138,70;245,15;141,22;167,82;132,45;294,97;266,14;230,15;223,46;224,00;175,89;78,67;148,80;121,54;171,01;67,91;79,37;194,90;172,72;132,33;106,38;128,67;150,04;269,55;224,74;222,97;173,88;88,15;88,84;67,44;78,87;82,93;104,90;75,37;75,29;79,35;115,35;79,44;79,44;79,44;75,35
41;113,97;133,14;144,16;180,37;181,16;144,80;144,79;66,93;128,61;106,80;110,49;157,45;121,51;138,15;243,16;133,52;166,38;126,87;294,39;266,40;228,75;223,94;224,69;176,31;78,67;145,30;121,77;170,31;68,06;80,37;192,57;170,21;130,81;105,69;128,04;150,04;268,93;224,74;222,97;173,88;88,15;88,84;67,67;78,87;82,93;104,91;75,37;75,43;79,51;113,97;79,53;79,53;79,53;75,42
41,5;113,06;132,93;136,56;179,87;172,42;139,08;140,73;66,93;121,95;106,57;109,94;156,24;121,51;133,38;240,89;133,03;165,98;126,65;294,97;266,20;227,34;223,45;223,88;176,54;78,67;146,15;122,36;168,22;68,06;81,62;190,23;167,76;129,04;105,69;127,14;149,20;269,64;224,74;222,97;173,88;88,36;88,84;71,32;78,97;82,99;104,92;75,37;75,43;79,50;113,06;79,53;79,53;79,53;75,42
42;112,24;132,72;132,49;179,49;163,35;132,55;137,22;66,93;115,30;106,57;109,24;155,23;121,51;129,18;238,75;133,80;165,79;126,65;295,55;266,21;225,72;222,86;223,26;176,72;78,67;146,74;123,00;165,65;67,94;82,32;187,65;165,34;127,19;105,48;126,41;148,61;270,36;224,74;222,97;173,88;88,36;88,84;76,58;78,87;83,06;104,92;75,53;75,43;79,50;112,24;79,53;79,53;79,53;75,42
42,5;111,57;132,28;126,93;178,38;157,24;131,41;137,85;66,93;114,90;106,30;108,77;154,69;121,51;130,23;236,60;133,41;162,89;126,65;295,55;266,34;224,28;223,46;224,01;176,72;78,87;146,95;120,98;165,12;67,43;83,82;183,79;162,32;124,15;105,30;125,58;149,22;269,54;224,74;222,97;173,88;88,97;88,84;77,05;78,87;83,06;104,92;76,98;75,49;79,65;111,57;79,68;79,68;79,68;75,56
43;110,99;132,05;120,90;177,40;151,97;131,41;138,24;65,55;114,90;106,30;108,40;153,91;121,51;130,48;234,07;132,98;160,05;126,65;295,58;266,40;223,06;223,95;224,69;176,72;79,48;146,90;118,41;163,93;67,01;84,45;179,85;159,18;122,56;104,89;124,77;149,02;268,93;224,74;222,97;173,88;88,97;88,84;77,05;78,87;83,18;104,92;77,82;75,63;79,65;110,99;79,68;79,68;79,68;75,62
43,5;110,03;131,94;115,83;175,89;149,34;131,41;133,56;60,99;114,90;106,23;107,82;153,04;122,10;127,06;230,57;133,86;158,25;126,65;295,55;266,40;221,55;223,46;223,88;176,72;72,53;142,99;115,39;163,33;67,01;85,42;176,81;157,61;121,45;103,42;124,77;149,01;269,66;224,74;222,97;174,72;88,97;88,84;77,05;78,87;83,19;104,92;77,82;75,63;79,65;110,03;79,68;79,68;79,68;75,62
44;109,21;131,94;111,87;174,41;146,75;131,41;129,26;56,90;114,90;106,10;107,33;152,08;122,68;124,43;226,79;134,22;156,49;126,11;295,55;266,40;219,90;222,86;223,26;176,72;66,35;139,18;112,33;162,40;67,08;86,29;173,33;155,94;120,63;102,42;124,77;149,63;270,36;224,74;222,97;175,31;88,38;88,85;77,05;78,87;83,27;104,92;77,82;75,63;79,65;109,21;79,68;79,68;79,68;75,62
44,5;108,60;131,94;107,13;172,01;141,90;131,41;130,67;56,00;114,90;106,04;106,84;151,04;120,93;123,22;224,36;129,96;156,37;122,29;295,55;267,12;218,81;222,86;223,26;176,72;65,38;139,60;113,54;161,58;67,08;84,57;171,27;154,33;118,63;101,61;125,58;149,63;270,36;224,74;222,97;175,31;88,36;88,84;77,05;78,67;83,33;104,92;77,02;75,69;79,80;108,60;79,82;79,82;79,82;75,76
45;108,16;131,70;101,54;169,37;137,63;130,89;132,35;56,00;114,76;105,90;106,25;150,46;119,76;122,67;222,20;125,87;156,17;118,69;295,55;267,74;217,66;222,86;223,26;176,72;65,40;139,99;115,21;161,06;67,08;81,45;167,28;152,74;117,76;100,99;126,23;150,04;269,38;224,74;222,97;175,31;88,36;88,84;77,05;78,67;83,47;104,92;75,43;75,83;79,87;108,16;79,90;79,90;79,90;75,82
45,5;107,28;131,19;98,59;166,33;136,52;124,46;133,14;56,00;108,32;105,63;105,77;149,76;119,76;122,12;220,36;124,39;152,55;118,50;295,55;267,72;216,03;222,86;223,26;177,54;64,98;140,62;112,10;159,23;67,08;74,55;164,99;150,47;116,58;100,99;126,40;150,04;260,82;224,74;222,97;175,31;88,36;88,84;77,05;78,67;83,46;104,92;75,37;75,83;79,79;107,28;79,83;79,83;79,83;75,82
46;106,36;130,75;97,46;163,71;135,90;117,65;133,60;56,00;101,17;105,34;105,21;149,27;119,63;121,51;218,54;124,17;149,32;118,50;295,55;267,71;214,27;222,86;223,26;178,41;64,98;139,38;109,06;157,72;67,08;75,01;162,49;148,17;115,13;100,78;126,40;150,04;253,77;224,12;222,97;175,31;88,36;88,84;77,05;78,67;83,46;104,92;75,58;75,83;79,79;106,36;79,83;79,83;79,83;75,82
46,5;105,64;130,75;95,91;163,34;137,27;116,40;131,56;56,00;100,59;104,96;104,72;148,77;118,59;121,51;215,18;120,33;147,54;118,50;295,55;268,05;213,38;222,86;223,26;178,97;64,98;127,26;109,68;156,35;67,08;75,09;160,88;146,56;113,90;100,00;126,40;150,04;251,34;224,12;222,97;175,52;88,97;88,84;77,05;79,30;83,46;104,92;76,17;75,89;80,02;105,64;80,04;80,04;80,04;75,96
47;104,71;130,77;93,72;163,35;138,76;116,40;129,11;56,00;100,59;104,69;104,16;148,23;117,76;121,51;212,52;116,74;146,77;118,50;295,55;267,14;212,27;222,86;223,26;176,17;64,98;113,83;110,49;154,59;67,08;75,09;159,12;144,50;113,28;99,24;126,40;150,04;251,34;224,12;222,97;175,52;89,71;88,84;77,05;80,10;83,53;104,87;77,03;76,03;80,24;104,71;80,27;80,27;80,27;76,02
47,5;103,91;130,36;92,62;162,06;138,15;116,40;129,87;56,00;100,59;104,39;103,92;147,33;116,32;121,51;209,55;116,41;145,39;118,50;295,55;256,57;210,62;223,40;223,93;159,90;64,98;123,84;110,49;152,83;67,16;75,16;156,08;142,65;111,97;98,48;126,40;150,04;251,34;224,43;223,38;175,50;85,24;89,26;77,05;80,10;83,60;104,47;77,00;76,03;80,31;103,91;80,37;80,37;80,37;76,02
48;103,24;129,87;91,54;160,51;137,33;116,40;130,69;56,00;100,59;104,02;103,49;146,47;115,10;121,51;207,77;116,40;143,74;118,21;295,55;248,29;208,78;224,04;224,70;143,73;64,98;133,32;110,70;151,29;66,95;75,19;153,04;141,67;110,01;97,72;126,40;150,04;251,34;224,74;223,38;175,72;80,59;90,09;75,86;80,50;83,66;103,72;77,00;76,03;80,39;103,24;80,41;80,41;80,41;76,02
48,5;102,37;129,48;90,08;160,03;136,51;116,40;131,51;56,07;101,00;103,82;103,12;145,74;115,10;122,10;207,14;112,53;141,20;113,41;295,55;248,17;206,63;223,42;223,87;141,74;64,98;135,70;110,54;149,93;66,46;75,31;150,66;139,19;109,20;96,90;127,82;150,03;251,34;224,87;223,38;176,31;80,98;87,60;65,77;80,50;83,73;102,79;77,01;76,03;80,53;102,37;80,56;80,56;80,56;76,02
49;101,93;129,02;87,91;159,06;135,68;115,82;132,22;56,76;101,00;103,59;102,87;145,00;115,10;122,68;205,90;109,30;139,00;109,16;295,55;248,44;204,92;222,86;223,26;141,74;64,98;137,14;108,88;148,18;66,04;75,60;148,24;137,00;108,40;96,08;127,83;150,24;250,30;224,74;223,38;176,95;81,81;85,49;53,40;80,50;83,73;101,72;77,13;76,03;80,61;101,93;80,63;80,63;80,63;76,02
49,5;101,14;128,45;86,96;155,46;134,86;109,28;129,88;57,16;100,69;103,20;102,33;144,15;115,10;120,93;204,09;109,46;139,39;109,18;295,55;248,43;203,96;222,86;222,86;141,74;64,36;134,19;103,57;146,54;66,04;76,00;145,79;135,42;106,83;95,27;128,04;150,24;240,98;225,15;223,38;176,95;81,81;85,36;51,71;80,50;83,81;100,80;78,61;76,03;80,76;101,14;80,78;80,78;80,78;76,02
50;100,24;127,83;86,24;152,77;134,27;102,66;127,61;57,16;99,90;102,94;101,96;143,42;115,10;119,76;202,89;110,07;137,27;109,18;295,55;247,23;201,88;222,86;222,86;141,97;64,36;131,00;99,44;145,18;66,04;76,56;143,25;133,76;105,33;94,45;128,04;150,24;233,23;222,74;222,97;177,97;81,81;85,36;51,71;80,50;83,86;99,56;80,29;76,03;80,76;100,24;80,78;80,78;80,78;76,01
50,5;99,33;126,83;85,44;151,47;134,06;101,20;128,35;57,16;93,41;102,77;101,55;142,84;115,62;119,76;202,28;110,48;135,03;109,18;295,55;234,67;200,24;222,86;222,86;142,60;64,36;131,83;100,85;143,98;66,04;77,11;142,47;131,64;103,68;94,03;128,04;150,04;231,01;206,47;222,97;177,75;81,81;85,36;51,71;80,50;83,87;97,77;81,08;76,50;80,67;99,33;80,64;80,64;80,64;76,69
51;98,34;126,17;84,38;151,35;134,06;101,20;129,07;57,16;86,72;102,67;101,31;142,20;116,26;119,63;201,13;110,33;132,66;109,18;295,55;227,36;198,67;222,86;222,86;143,38;64,36;132,70;102,51;143,54;66,04;77,80;141,64;129,38;102,07;93,69;128,04;150,04;230,69;190,70;222,97;178,58;81,81;85,36;51,71;80,50;83,87;96,92;81,70;77,05;80,61;98,34;80,64;80,64;80,64;77,03
51,5;97,54;125,96;84,82;151,35;133,47;101,20;127,41;57,16;86,20;102,67;100,80;141,22;115,71;118,59;199,82;106,89;132,66;109,18;295,55;227,93;196,72;222,86;222,86;143,38;64,36;130,14;102,51;141,81;66,04;78,25;139,38;128,58;101,21;92,52;128,63;150,04;230,69;188,04;222,97;178,58;81,81;85,36;51,71;80,50;83,94;97,54;81,70;77,04;80,94;97,54;81,02;81,02;81,02;77,03
52;96,84;125,72;85,70;151,04;132,61;101,20;126,40;57,16;86,28;102,47;100,23;140,73;115,10;117,76;197,81;104,11;132,35;109,18;295,55;227,00;195,05;222,86;222,86;143,38;64,36;127,90;102,50;140,18;66,04;78,75;137,11;127,47;100,54;91,18;129,47;150,04;229,73;188,13;222,97;178,58;81,81;85,36;51,71;80,50;84,01;97,82;81,70;77,04;81,20;96,84;81,21;81,21;81,21;77,03
52,5;96,48;125,41;85,42;147,93;131,81;101,20;125,75;57,16;86,28;102,41;99,88;140,21;115,65;116,32;196,83;104,14;129,30;109,76;295,55;226,90;192,11;222,86;222,86;143,38;64,36;127,94;99,47;138,84;66,11;79,39;135,31;126,70;99,77;90,15;129,47;150,04;221,43;188,13;222,97;178,58;81,81;86,19;51,71;80,50;84,00;96,51;81,70;77,04;80,97;96,48;80,93;80,93;80,93;77,03
53;96,22;125,12;84,38;144,62;129,86;100,92;124,54;57,16;86,28;102,27;99,41;139,95;116,85;115,10;195,96;104,13;126,52;110,02;295,55;224,39;189,46;222,05;221,92;143,38;64,97;127,94;96,36;137,13;66,00;79,74;133,73;125,70;98,77;88,29;129,47;150,04;210,75;188,13;222,97;178,58;81,81;87,00;51,71;80,50;84,07;94,31;81,78;76,84;80,76;96,22;80,78;80,78;80,78;75,97
53,5;95,46;124,88;83,94;142,01;128,67;95,20;121,86;57,16;87,04;102,20;98,94;140,09;116,85;115,10;194,30;101,63;126,32;104,62;295,55;220,35;186,65;214,18;213,60;143,38;64,98;128,54;97,65;136,11;65,46;79,95;130,72;124,28;97,42;86,88;129,47;150,04;210,03;188,13;222,97;179,40;81,81;87,60;51,71;80,50;84,14;91,33;82,21;72,11;81,11;95,46;81,19;81,19;81,19;70,91
54;94,57;124,65;83,31;139,57;127,93;88,45;119,65;57,16;87,22;102,05;98,69;139,96;116,85;115,10;192,92;98,13;126,12;99,62;295,55;216,93;185,54;205,15;204,76;143,37;64,98;129,38;98,62;135,38;65,07;80,25;127,69;122,95;95,82;85,42;129,47;150,04;210,03;188,13;222,97;180,03;82,00;88,02;51,71;81,05;84,13;89,94;79,92;67,31;81,35;94,57;81,37;81,37;81,37;67,07
54,5;93,87;124,65;82,46;139,35;128,13;88,31;120,40;57,16;82,97;102,00;98,26;139,49;116,85;115,10;192,03;98,20;124,62;99,28;294,97;203,73;184,85;195,74;195,27;142,97;65,41;128,55;97,22;133,83;65,21;80,50;127,35;121,78;94,89;84,63;129,47;150,04;210,03;188,13;222,97;180,22;82,63;88,02;51,71;81,17;84,27;89,94;67,52;67,49;81,25;93,87;81,22;81,22;81,22;67,58
55;93,34;124,65;81,41;139,31;128,54;88,45;120,85;57,16;74,02;101,95;97,88;138,61;116,85;115,10;191,09;98,82;123,05;99,28;294,19;206,09;184,12;187,12;186,77;143,38;65,79;127,73;94,74;132,47;64,79;80,80;127,55;120,39;94,48;83,85;129,69;150,04;209,14;188,34;222,97;180,62;83,45;88,02;51,71;81,73;84,34;89,94;55,80;67,98;81,12;93,34;81,15;81,15;81,15;67,98
55,5;92,48;124,65;82,45;139,56;127,84;88,15;118,77;57,16;73,60;101,53;97,45;137,88;116,85;115,62;189,41;99,02;122,22;99,28;294,10;206,85;183,05;186,15;186,26;143,38;66,00;126,17;95,36;130,71;63,39;81,36;127,55;119,39;93,49;83,02;130,29;150,04;202,64;188,93;222,97;180,62;83,45;88,02;51,71;81,73;84,33;89,94;54,74;67,99;81,19;92,48;81,27;81,27;81,27;67,98
56;91,57;124,65;84,58;140,00;126,29;87,35;116,37;55,89;73,03;101,06;97,12;137,03;116,85;116,26;187,74;98,81;121,42;99,28;294,10;207,08;180,48;186,16;186,26;142,99;66,00;124,58;96,17;129,23;61,84;78,51;127,34;119,00;93,15;82,19;131,10;150,04;193,12;189,77;222,75;180,62;83,45;88,02;51,71;82,11;84,40;89,94;54,74;67,99;81,34;91,57;81,38;81,38;81,38;67,98
56,5;90,69;124,65;85,02;139,81;125,48;87,16;117,19;52,18;73,40;100,67;96,79;136,19;116,85;115,71;187,22;96,70;119,85;99,28;294,10;207,26;176,16;187,31;187,08;140,22;66,61;123,03;95,76;128,40;60,45;75,70;125,89;118,04;91,40;81,36;131,11;149,22;191,01;188,93;222,07;180,22;82,63;88,43;51,71;70,39;84,40;89,94;54,74;67,99;81,45;90,69;81,53;81,53;81,53;67,98
57;89,90;124,65;85,02;139,77;124,87;86,80;117,93;49,48;73,40;100,36;96,45;135,23;117,28;115,10;186,67;94,31;118,35;99,28;294,10;201,01;171,82;187,90;187,69;133,97;66,57;121,61;95,40;127,49;58,57;73,03;124,29;116,50;89,57;80,36;131,52;148,61;190,95;188,54;215,58;180,22;80,85;87,85;51,71;61,40;84,52;89,94;54,74;67,99;80,68;89,90;80,28;80,28;80,28;67,98
57,5;89,20;124,65;85,02;139,77;124,87;81,24;115,53;49,08;73,40;99,98;96,25;134,48;116,85;115,65;184,80;94,11;117,53;99,28;294,10;196,20;168,88;187,90;187,69;112,94;62,11;121,40;93,24;125,25;55,38;68,88;123,46;115,28;88,54;79,67;131,52;149,20;191,01;188,93;186,15;180,22;75,71;81,04;51,71;60,28;84,53;89,94;54,74;67,99;72,57;89,20;71,47;71,47;71,47;67,98
58;88,83;124,80;84,64;139,77;124,64;74,43;112,50;49,08;73,40;99,53;95,89;133,46;116,85;116,85;183,01;94,11;116,82;98,99;294,10;194,50;166,64;187,90;187,89;92,20;59,03;120,61;90,79;122,95;52,96;69,13;122,67;113,75;87,71;79,78;131,11;150,04;191,01;189,77;146,23;180,22;70,31;75,08;51,71;60,28;84,61;89,62;54,74;67,99;65,46;88,83;65,29;65,29;65,29;67,98
58,5;88,15;125,08;84,54;139,77;123,85;74,26;112,50;49,08;72,99;99,07;95,31;132,77;116,85;116,85;181,18;92,64;116,71;95,21;294,10;191,31;163,99;188,44;188,72;89,38;58,85;119,18;88,19;122,57;52,67;69,61;121,18;112,43;87,32;77,87;131,11;150,04;191,03;189,77;161,17;181,03;69,75;74,34;51,71;60,28;84,67;86,69;54,74;67,99;64,74;88,15;64,77;64,77;64,77;67,98
59;87,46;124,86;84,02;139,77;123,02;74,26;113,09;49,08;71,98;98,77;94,82;132,15;116,85;116,85;179,34;91,45;116,71;91,69;294,10;189,32;161,07;189,65;189,32;89,38;59,66;117,11;86,57;122,57;53,03;70,14;119,58;111,61;86,30;76,88;131,05;150,04;190,49;189,77;174,34;181,63;69,13;74,34;51,71;59,66;84,67;84,92;54,74;67,99;64,62;87,46;64,70;64,70;64,70;67,98
59,5;86,65;124,33;83,98;139,76;122,19;74,26;111,10;49,08;73,60;98,38;94,49;131,54;116,85;116,85;178,68;91,44;116,95;91,71;294,10;190,19;157,85;189,66;189,33;89,38;60,28;116,70;85,31;121,41;53,02;70,44;118,78;110,78;85,49;75,45;130,29;150,04;185,24;189,77;133,90;181,85;66,36;75,09;51,71;59,66;84,74;84,92;55,15;67,99;64,68;86,65;64,75;64,75;64,75;67,98
60;85,67;123,89;83,29;139,70;121,60;74,26;108,60;49,08;73,60;97,90;94,49;130,57;116,85;116,85;177,61;91,09;116,74;91,71;294,10;187,32;156,51;189,65;189,33;89,38;59,86;116,72;83,94;119,66;53,02;70,63;117,97;110,00;84,53;73,78;129,49;150,04;180,17;189,84;97,10;181,44;62,66;75,77;51,71;59,66;84,81;84,92;56,06;67,99;64,75;85,67;64,77;64,77;64,77;67,97
60,5;84,81;124,21;82,86;137,64;123,06;74,26;109,22;49,08;73,60;97,71;94,23;129,50;117,05;116,85;175,56;88,56;115,06;91,71;294,10;183,17;156,16;189,65;189,33;89,38;59,66;114,21;83,48;117,85;53,02;70,82;117,12;107,87;82,93;72,97;128,24;150,04;179,97;190,57;89,39;182,28;61,16;75,77;51,71;59,66;84,81;84,92;56,37;68,05;64,75;84,81;64,77;64,77;64,77;68,09
61;83,83;123,83;82,09;135,21;124,46;74,26;109,51;49,08;73,60;97,44;93,99;128,46;116,29;116,85;173,34;86,33;113,64;91,71;294,10;178,20;156,16;189,07;188,92;89,18;59,66;112,20;83,50;116,71;53,02;70,81;116,30;106,70;81,60;72,17;127,43;150,04;179,97;190,95;88,58;182,87;61,33;75,77;51,71;59,66;84,94;84,92;56,37;68,18;64,75;83,83;64,77;64,77;64,77;68,21
61,5;82,94;121,65;80,38;134,35;123,85;74,26;109,21;49,08;73,60;97,33;93,43;127,87;114,92;116,85;172,23;86,34;112,84;91,71;294,10;178,33;155,79;183,94;183,53;89,18;59,66;112,83;81,92;115,58;53,02;71,03;114,70;105,27;81,39;71,57;126,40;150,24;179,97;185,70;87,96;182,87;61,97;75,77;51,71;59,66;85,02;84,45;56,37;68,32;64,60;82,94;64,63;64,63;64,63;68,31
62;82,04;119,63;78,63;133,95;123,44;74,26;108,19;49,08;74,01;97,10;93,18;127,14;112,88;117,28;171,19;86,12;111,88;91,71;293,82;178,73;155,42;178,70;178,47;89,38;59,66;113,42;80,43;115,06;53,02;71,25;113,12;103,61;81,39;70,75;124,79;150,87;179,14;180,61;87,96;182,87;62,79;75,77;51,71;59,66;85,07;83,75;56,37;68,39;64,52;82,04;64,59;64,59;64,59;68,45
62,5;81,06;118,98;78,81;133,12;121,58;74,26;106,18;49,08;74,42;96,90;92,92;125,97;110,63;116,85;168,87;85,72;110,37;92,30;292,59;178,73;156,02;179,16;179,11;89,38;59,66;111,27;79,58;113,26;53,02;71,43;111,52;102,81;80,55;69,92;123,14;150,17;172,02;181,20;87,96;182,87;62,79;75,97;51,71;59,66;85,07;82,68;56,37;68,53;65,10;81,06;65,15;65,15;65,15;68,51
63;80,07;118,78;77,58;131,88;119,96;74,27;103,71;49,08;75,01;96,76;92,91;124,79;108,68;116,85;166,52;84,70;108,95;92,89;290,89;178,58;156,54;179,74;179,91;89,38;59,66;108,94;78,78;111,45;53,02;71,62;109,96;101,99;79,73;69,10;121,63;150,04;165,41;181,77;87,96;183,48;62,79;75,97;52,12;59,66;85,13;81,68;56,37;68,58;65,49;80,07;65,51;65,51;65,51;68,62
63,5;79,38;118,29;78,80;130,12;120,72;73,55;104,51;49,08;71,15;96,50;92,39;123,83;108,10;116,85;164,35;84,70;108,74;89,78;289,14;174,20;153,46;179,74;179,92;89,38;59,66;109,38;78,78;110,93;53,02;71,84;109,15;100,35;79,14;68,28;120,03;150,04;168,33;176,28;87,96;183,83;62,79;75,77;52,12;59,66;85,21;80,38;56,37;68,72;65,34;79,38;65,37;65,37;65,37;68,71
64;78,45;117,77;79,72;128,19;121,39;72,88;105,11;49,08;67,31;96,30;92,11;123,09;106,66;116,85;162,21;84,70;108,74;87,09;287,90;170,20;151,23;179,74;179,92;89,38;59,66;109,33;78,70;110,39;52,95;71,99;108,32;98,94;78,73;67,47;118,43;150,04;173,07;167,33;87,76;184,10;62,79;75,77;52,12;59,66;85,34;79,90;56,37;68,79;65,27;78,45;65,29;65,29;65,29;68,85
64,5;77,56;116,93;80,76;127,68;120,38;71,96;102,88;49,08;67,06;96,09;91,59;121,97;104,10;116,85;160,08;84,70;107,90;87,05;286,81;169,90;150,15;179,74;179,92;89,18;60,04;110,37;77,15;109,19;52,95;72,34;107,49;98,13;78,32;66,62;118,43;150,04;172,82;146,84;87,76;184,10;62,79;75,77;52,12;59,66;85,34;79,90;56,37;68,93;65,26;77,56;65,31;65,31;65,31;68,91
65;76,66;116,26;80,00;126,96;119,55;71,17;100,61;49,08;67,06;95,83;91,34;120,76;102,15;116,85;157,61;84,70;107,09;87,05;285,97;169,57;148,85;179,74;179,92;89,18;60,28;110,17;75,72;108,64;52,95;70,95;106,69;97,29;78,10;66,23;118,43;150,02;171,99;120,21;87,76;184,10;62,79;75,77;52,12;59,66;85,35;79,75;56,37;68,99;65,41;76,66;65,44;65,44;65,44;68,98
65,5;75,77;116,61;79,91;126,55;119,10;70,37;101,22;49,08;67,06;95,54;91,08;119,54;100,53;117,05;156,72;84,70;106,50;87,05;281,90;166,48;146,84;179,74;179,72;89,18;60,89;107,50;75,50;106,86;52,95;62,72;105,27;96,27;77,50;65,45;118,43;150,24;172,01;117,49;87,76;183,93;62,79;75,77;52,12;59,66;85,47;77,97;56,37;68,99;65,49;75,77;65,51;65,51;65,51;68,98
66;75,10;116,71;79,33;125,99;119,75;69,67;102,07;49,08;67,06;95,15;90,85;118,02;98,77;116,29;155,69;84,70;105,70;86,46;278,18;163,43;145,08;179,75;179,52;89,38;61,32;104,10;75,49;105,43;52,95;57,36;103,60;94,88;76,68;64,69;118,22;150,85;169,90;118,37;87,76;184,51;62,59;75,97;52,12;59,46;85,61;76,95;56,17;68,99;65,09;75,10;64,77;64,77;64,77;68,98
66,5;74,41;115,90;79,71;124,67;118,34;68,99;99,48;49,08;67,06;94,75;90,30;116,41;97,37;114,92;153,70;83,88;104,88;83,24;274,82;163,51;143,15;178,50;178,06;89,59;61,85;104,40;73,01;104,52;52,95;55,16;102,81;93,46;75,87;63,59;117,61;151,47;166,89;118,40;87,76;184,51;62,59;77,40;52,12;57,46;85,61;76,95;56,12;68,99;59,99;74,41;59,35;59,35;59,35;68,98
67;73,58;115,39;78,80;123,15;116,69;68,30;97,55;49,08;67,06;94,33;89,80;114,82;95,89;112,88;151,66;83,06;104,02;80,65;271,40;163,71;140,95;176,25;176,02;90,00;62,07;105,46;71,01;103,99;53,02;55,25;102,00;91,98;75,05;62,77;116,89;151,53;163,04;118,40;87,76;184,51;62,59;78,01;52,12;55,39;85,61;76,95;56,17;68,99;55,93;73,58;55,91;55,91;55,91;68,98
67,5;72,77;115,39;77,94;121,71;116,69;68,30;98,16;49,04;67,06;93,89;89,53;113,32;94,13;110,63;149,61;82,25;102,40;80,65;266,84;161,25;138,60;169,96;169,97;90,27;62,32;105,67;70,19;102,79;53,02;55,33;101,59;91,57;74,22;61,94;116,79;150,85;163,18;118,40;87,76;184,91;62,59;68,40;52,12;54,76;85,61;76,95;56,17;69,01;55,90;72,77;55,92;55,92;55,92;69,05
68;72,08;115,46;80,28;120,32;116,69;68,31;98,58;45,04;67,27;93,55;89,00;111,82;92,31;108,68;147,42;81,61;100,96;80,65;257,93;159,19;135,87;164,68;164,24;91,02;62,15;105,51;69,90;102,19;53,02;55,47;100,57;90,96;73,62;61,13;116,79;150,68;164,02;118,40;87,76;185,47;62,79;59,52;52,12;54,76;85,68;76,95;56,15;69,13;55,97;72,08;56,05;56,05;56,05;69,12
68,5;71,41;115,18;80,16;120,13;115,85;67,70;96,35;39,07;67,86;93,14;88,69;110,45;91,13;108,10;145,64;81,43;99,52;80,65;235,06;159,19;133,34;164,84;164,80;91,02;61,10;104,06;69,77;100,50;53,02;55,47;99,73;90,14;73,62;60,29;116,79;150,04;164,02;119,23;87,76;185,94;62,79;59,22;52,12;54,76;85,75;76,95;56,17;69,25;56,35;71,41;56,38;56,38;56,38;69,25
69;70,55;114,49;80,31;119,95;115,05;67,31;94,13;36,16;68,67;92,74;88,33;108,85;89,45;106,66;143,78;81,43;97,92;80,07;213,53;159,39;130,79;165,76;165,61;91,02;60,53;102,40;69,36;99,00;53,02;55,47;98,30;89,35;73,39;59,47;116,78;150,01;163,64;119,83;87,96;185,94;62,38;59,91;52,12;54,94;85,88;76,95;56,37;69,39;56,57;70,55;56,59;56,59;56,59;69,44
69,5;69,79;112,87;80,78;118,69;114,26;67,93;94,88;36,16;68,70;92,06;87,56;106,51;87,70;104,10;141,36;81,43;97,70;76,97;212,26;159,58;128,08;165,76;165,61;91,02;52,91;100,76;69,16;98,14;53,10;55,38;97,50;87,66;72,77;58,68;116,38;145,94;158,44;119,19;88,57;186,34;57,93;60,04;52,12;55,58;85,94;76,95;56,37;69,54;56,57;69,79;56,59;56,59;56,59;69,59
70;68,91;111,24;80,57;116,63;113,65;68,30;95,33;36,16;68,70;91,71;86,46;104,63;86,04;102,15;139,45;81,43;96,53;74,25;213,31;159,42;125,75;161,20;161,97;91,02;45,94;99,32;69,16;97,53;52,97;55,17;95,66;86,05;72,19;57,91;115,34;142,27;153,18;118,60;89,40;186,70;51,54;60,04;50,98;56,33;86,03;76,95;56,37;69,73;56,57;68,91;56,59;56,59;56,59;69,72
70,5;68,35;109,69;81,62;116,22;112,83;68,30;90,94;36,16;68,70;90,92;85,47;102,94;84,70;100,53;137,28;80,59;95,09;74,24;213,44;154,32;123,19;141,61;140,50;91,02;45,36;99,11;69,17;96,41;52,56;55,03;94,82;84,45;71,16;57,26;114,54;138,86;153,80;118,61;89,39;186,75;50,11;60,04;39,75;55,58;86,15;76,95;56,37;69,79;56,36;68,35;56,36;56,36;56,36;69,86
71;67,99;108,49;80,76;114,91;111,97;68,30;84,78;36,16;68,51;90,29;84,47;101,53;83,04;98,77;135,33;80,00;93,03;74,24;213,44;150,75;121,24;120,91;120,31;91,02;45,15;98,51;68,75;95,78;51,98;54,95;94,02;82,86;70,34;56,43;113,51;137,14;154,39;118,61;89,39;186,14;50,11;60,04;28,87;54,92;86,14;76,95;56,35;69,94;56,27;67,99;56,29;56,29;56,29;69,92
71,5;67,44;107,67;79,56;114,11;110,38;68,30;71,68;36,16;64,60;89,55;83,50;100,42;81,59;97,37;133,56;80,64;91,37;74,84;214,02;150,75;119,81;117,98;117,97;91,02;44,75;98,51;68,34;94,21;51,49;54,95;92,57;81,34;69,68;55,60;111,99;135,73;154,61;119,24;89,39;186,14;50,11;60,04;26,93;55,57;86,29;76,95;57,17;69,93;56,27;67,44;56,29;56,29;56,29;69,92
72;67,14;107,15;79,12;113,09;108,78;68,30;59,02;36,16;61,13;88,82;82,39;99,09;79,59;95,89;131,93;81,43;89,75;75,43;214,60;150,75;118,41;117,98;117,97;91,02;44,34;98,31;67,31;92,86;50,95;55,03;90,95;79,92;68,91;54,99;110,43;135,73;153,21;119,83;89,39;185,60;50,72;59,84;26,57;56,39;86,28;76,95;57,97;70,00;56,42;67,14;56,44;56,44;56,44;70,01
72,5;66,83;106,84;80,37;111,17;107,88;68,30;59,31;36,16;60,93;87,90;81,24;97,12;78,44;94,13;129,31;79,85;87,23;72,18;214,60;150,94;116,52;117,98;117,97;91,02;44,34;96,83;66,11;91,71;50,47;54,87;90,14;78,93;67,88;53,98;109,63;135,73;138,95;120,04;89,39;179,39;50,72;59,05;26,57;56,39;86,35;76,95;56,77;70,13;56,42;66,83;56,43;56,43;56,43;70,19
73;66,36;106,14;80,23;109,21;107,26;67,77;60,54;36,16;60,93;87,20;79,98;95,83;76,62;92,31;127,01;79,17;85,59;69,57;214,60;149,73;114,88;117,98;117,97;91,02;44,34;94,63;64,46;91,15;49,88;54,81;89,35;78,15;67,05;53,13;108,82;135,52;122,71;120,04;89,39;173,61;50,72;58,41;26,57;56,39;86,42;76,95;55,98;70,30;56,49;66,36;56,51;56,51;56,51;70,32
73,5;67,12;104,30;80,96;108,30;106,48;64,49;60,74;36,16;60,93;86,40;79,03;93,69;74,86;91,13;126,62;78,36;83,19;68,45;214,60;134,77;113,80;117,98;117,97;91,85;44,75;94,02;64,45;89,35;48,99;54,73;87,67;76,67;66,64;52,33;107,28;131,82;121,72;120,04;89,39;174,29;50,72;58,41;26,57;56,39;86,56;76,95;55,35;70,48;56,57;67,12;56,59;56,59;56,59;70,45
74;67,73;102,43;81,39;107,18;105,68;61,49;60,74;36,16;61,34;85,62;78,24;91,99;73,11;89,45;125,79;78,36;80,64;67,84;213,51;124,68;112,73;117,98;117,98;92,45;45,23;93,82;64,33;87,86;48,00;54,73;86,26;75,02;65,83;51,77;105,77;127,96;122,09;120,04;89,40;174,90;50,72;58,41;26,57;56,39;86,68;76,95;54,51;70,60;56,64;67,73;56,66;56,66;56,66;70,62
74,5;67,87;101,58;80,86;106,30;104,83;61,37;60,74;36,16;61,34;84,72;77,66;90,26;70,52;87,70;125,37;78,36;79,03;68,37;205,44;118,67;110,89;118,93;118,79;91,82;45,36;89,81;61,95;83,28;47,93;54,66;85,46;73,40;64,84;50,78;104,91;125,55;121,89;120,04;85,79;174,07;50,11;58,41;26,57;56,39;86,76;76,95;55,18;70,86;56,71;67,87;56,73;56,73;56,73;70,87
75;67,87;100,81;80,92;105,00;104,04;61,37;60,54;36,16;61,34;84,00;77,19;88,55;69,59;86,04;124,80;78,17;77,27;68,99;197,02;118,85;109,22;119,74;119,63;91,02;45,36;83,76;59,73;78,70;48,01;54,58;84,53;71,97;63,90;50,10;103,92;123,46;121,27;120,04;81,92;174,09;50,11;58,41;26,57;56,39;86,82;76,95;55,97;71,00;56,79;67,87;56,80;56,80;56,80;70,99
75,5;67,68;100,14;80,91;105,03;102,39;61,37;53,55;36,16;61,34;83,27;76,66;86,84;67,91;84,70;124,05;73,44;75,83;66,68;190,47;119,03;107,79;119,73;119,61;91,03;45,36;70,72;59,75;76,70;48,01;54,66;82,93;71,15;61,55;49,27;102,46;121,58;121,07;120,04;81,62;174,50;50,11;59,22;26,57;56,39;86,81;76,95;55,96;71,00;56,86;67,68;56,88;56,88;56,88;70,99
76;67,43;98,55;80,92;105,03;100,95;61,37;46,97;36,16;60,90;82,64;76,26;85,27;66,22;83,04;123,30;68,94;73,99;64,75;184,19;119,23;106,32;119,73;119,61;91,02;45,36;57,65;59,75;75,12;48,01;54,73;81,35;70,32;59,07;48,45;100,88;119,98;121,27;120,04;81,41;174,90;50,11;59,84;26,57;56,39;86,89;76,95;55,96;70,16;56,87;67,43;56,94;56,94;56,94;68,52
76,5;67,27;95,46;80,85;104,20;100,03;61,37;46,63;36,16;60,93;81,89;75,64;83,92;64,54;81,59;122,99;68,74;73,07;64,34;177,96;119,40;105,76;119,73;119,61;91,86;45,36;58,61;59,75;71,33;48,01;54,66;79,78;69,49;58,07;47,63;98,35;118,37;121,68;120,84;81,41;174,90;50,11;59,02;26,57;56,39;87,02;76,95;55,96;54,88;56,93;67,27;57,00;57,00;57,00;50,24
77;67,12;92,56;79,88;102,22;99,33;61,37;46,63;36,16;60,04;81,19;74,91;82,58;62,86;79,59;122,37;68,74;72,37;64,34;171,08;119,59;105,02;119,73;119,61;92,45;45,36;61,10;59,54;67,54;48,05;54,58;78,89;68,70;57,22;46,79;95,94;116,60;122,09;121,47;81,41;174,90;49,91;58,41;26,57;56,39;87,15;76,95;53,89;38,42;57,01;67,12;57,03;57,03;57,03;37,11
77,5;67,27;91,47;78,66;100,69;98,51;61,37;46,63;36,16;45,40;80,44;74,32;81,10;61,17;78,44;122,10;68,74;71,54;64,34;163,36;119,59;103,44;119,73;119,61;92,47;45,36;60,27;58,11;66,73;48,31;54,66;77,48;66,90;55,25;46,41;93,58;114,21;122,09;121,47;81,41;174,90;49,91;59,66;27,73;56,39;87,28;76,95;41,15;37,01;57,08;67,27;57,10;57,10;57,10;37,00
78;67,42;89,85;77,96;99,39;97,67;61,37;46,43;36,16;32,21;79,75;73,75;79,48;59,49;76,62;121,48;68,74;70,14;64,11;155,66;119,59;101,84;119,73;119,61;92,45;45,36;59,68;56,72;65,52;47,76;54,61;76,64;65,00;52,94;45,99;91,25;112,41;119,46;121,47;81,41;175,11;50,11;59,90;26,48;56,39;87,43;76,95;29,92;37,01;57,17;67,42;57,24;57,24;57,24;36,97
78,5;67,85;86,74;77,72;98,28;96,85;61,37;45,59;36,23;31,48;79,04;73,26;77,56;57,81;74,86;120,87;68,74;70,72;60,23;148,13;119,78;101,20;119,73;119,61;92,45;45,36;60,46;53,69;64,92;45,67;54,73;75,01;64,59;51,33;44,42;87,31;110,81;105,11;121,67;81,41;175,87;50,11;60,03;26,45;56,39;87,49;76,95;27,13;36,62;57,52;67,85;57,54;57,54;57,54;36,49
79;68,20;83,87;76,16;97,15;96,06;59,10;44,79;36,70;31,88;78,35;72,74;75,62;56,12;73,11;120,17;68,74;70,71;61,36;139,26;117,21;100,69;119,73;119,61;92,45;45,36;60,59;50,35;64,34;43,99;54,20;73,46;63,99;49,85;43,77;83,44;109,01;86,70;121,67;81,43;176,54;50,11;60,04;26,96;55,13;87,55;76,95;26,29;36,03;56,02;68,20;55,29;55,29;55,29;35,92
79,5;68,74;82,12;75,52;96,15;95,43;48,45;43,21;37,08;32,10;77,70;72,05;73,76;54,44;70,52;119,68;67,93;72,16;60,69;122,80;88,98;100,10;119,73;119,61;92,45;44,75;54,03;50,13;64,91;43,82;49,82;72,70;63,18;48,51;43,13;80,86;107,23;83,85;121,67;79,12;176,54;51,06;60,04;26,63;43,62;87,62;76,95;26,31;35,52;41,21;68,74;42,19;42,19;42,19;35,47
80;69,06;80,38;74,25;95,24;94,37;39,30;41,74;37,16;32,17;77,02;71,31;72,01;52,76;68,49;119,22;67,14;72,67;60,03;109,45;62,53;100,34;119,78;119,34;92,48;43,66;46,85;50,02;64,84;44,05;45,11;71,80;62,26;46,58;41,94;78,28;105,46;82,75;121,61;78,14;176,47;51,05;60,02;26,95;30,85;87,78;76,95;25,76;34,98;29,90;69,06;30,24;30,24;30,24;34,77
80,5;69,51;78,12;57,81;102,47;91,45;62,41;59,64;36,94;43,80;75,59;70,88;70,57;51,07;66,31;119,06;67,69;69,80;59,36;96,79;107,22;99,73;186,35;119,25;92,48;42,88;40,08;49,83;64,84;44,05;44,99;70,64;61,56;45,17;41,30;78,00;105,00;80,48;118,63;76,27;170,81;50,88;60,02;26,57;32,53;87,96;76,95;25,35;33,87;29,95;69,51;29,94;29,94;29,94;33,59
81;69,81;75,17;56,84;101,61;90,52;61,73;58,62;31,37;42,90;74,06;70,64;69,25;49,39;66,20;118,47;67,53;69,30;58,70;83,54;65,13;99,82;130,00;100,17;60,48;41,90;40,00;49,66;64,79;44,05;44,83;69,81;60,69;43,62;40,49;77,94;104,90;78,51;114,23;74,62;168,87;51,00;59,02;26,49;30,64;88,10;76,95;24,94;32,98;30,31;69,81;30,32;30,32;30,32;32,98
81,5;70,11;71,08;55,87;100,75;89,60;61,05;57,59;25,16;42,00;72,56;70,39;67,44;47,71;66,10;117,54;67,37;68,81;58,03;83,00;65,22;101,09;129,00;99,17;59,47;40,97;39,00;49,49;64,75;44,05;44,33;68,87;59,87;42,06;39,68;76,51;103,78;76,53;112,52;72,97;164,45;50,12;59,02;26,40;29,75;88,16;76,95;24,52;32,99;30,11;70,11;30,15;30,15;30,15;32,98
82;70,38;67,36;54,90;99,88;88,67;60,37;56,56;23,07;41,10;70,99;69,84;65,33;46,02;65,99;116,71;67,21;68,31;58,00;82,50;63,48;102,11;128,00;98,17;58,47;40,03;38,00;49,32;64,72;44,05;44,33;67,94;59,05;40,50;38,87;75,61;103,04;74,56;108,83;71,32;160,65;50,24;58,01;26,32;29,64;88,16;76,95;24,11;32,99;30,02;70,38;30,03;30,03;30,03;32,98
82,5;68,87;64,30;53,93;99,02;87,74;59,69;55,53;23,15;40,20;69,55;69,40;63,59;44,34;65,88;116,57;67,05;67,81;57,95;81,97;62,12;97,41;127,00;97,16;57,47;39,10;35,15;49,16;64,68;44,05;43,89;67,00;58,23;38,95;38,07;74,70;102,29;72,58;105,67;69,68;156,85;49,36;58,01;26,23;29,12;88,23;76,95;23,70;32,99;30,02;68,87;30,03;30,03;30,03;32,98
83;67,31;61,34;52,96;98,16;86,82;59,01;54,51;23,08;39,30;68,14;68,79;61,88;42,66;65,78;115,78;66,89;67,32;57,91;81,45;59,53;91,26;126,00;96,16;56,47;38,17;33,27;48,99;64,64;44,05;43,91;66,07;57,41;37,39;37,26;73,80;101,54;70,61;102,50;68,03;153,06;49,48;57,01;26,15;28,60;88,30;76,81;23,29;32,99;30,02;67,31;30,03;30,03;30,03;32,98
83,5;65,24;57,01;51,99;97,30;85,89;58,33;53,48;23,08;38,39;66,63;68,18;60,19;40,97;65,67;115,35;66,73;66,82;57,87;80,93;55,16;84,40;125,00;95,16;55,47;37,24;31,39;48,82;64,61;44,05;41,53;65,13;56,59;35,83;36,45;72,89;100,80;68,63;99,33;66,38;149,26;48,60;57,00;26,06;28,08;88,42;75,64;22,88;32,99;30,02;65,24;30,03;30,03;30,03;32,98
84;62,96;51,62;51,02;96,44;84,96;57,65;52,45;34,37;37,49;65,05;67,32;58,47;40,90;65,56;114,55;66,57;66,33;57,83;80,41;50,38;76,13;124,00;94,16;54,47;36,31;29,52;48,65;64,57;44,31;39,19;64,19;55,76;34,27;35,64;71,99;100,05;66,65;96,16;64,73;145,46;48,54;56,36;25,98;27,56;88,59;74,89;22,47;32,99;30,01;62,96;30,03;30,03;30,03;32,98
84,5;60,85;45,28;50,05;95,58;84,04;56,97;51,42;34,08;36,59;63,60;66,06;56,89;40,85;65,46;113,95;66,41;65,83;57,79;79,89;46,76;69,68;123,00;93,16;53,47;35,38;30,02;48,48;64,53;46,01;35,67;63,26;54,94;32,72;34,84;71,09;99,30;64,68;93,00;63,09;141,66;48,20;55,88;25,89;27,03;88,71;74,89;22,06;32,99;30,09;60,85;30,10;30,10;30,10;32,98
85;58,91;40,24;49,08;94,72;83,11;56,30;50,40;33,79;35,69;62,12;64,88;55,42;40,78;65,35;113,29;66,25;65,34;57,75;79,37;42,01;62,21;122,00;92,16;52,47;34,44;29,87;48,31;64,50;41,61;35,26;62,32;54,12;31,16;34,03;70,18;98,56;62,70;89,83;61,44;137,86;47,85;55,40;25,81;26,51;88,84;74,89;21,65;32,99;30,09;58,91;30,09;30,09;30,09;32,98
85,5;56,95;38,27;48,10;93,86;82,18;55,62;49,37;33,50;34,79;61,98;63,39;53,37;40,72;65,24;112,16;66,09;64,84;57,71;78,85;37,89;55,28;121,00;91,16;51,47;33,51;29,45;48,15;64,46;26,47;32,13;61,39;53,30;30,60;33,22;69,28;97,81;60,73;86,66;59,79;134,06;47,51;54,93;25,72;25,99;88,90;74,89;21,24;32,99;30,16;56,95;30,17;30,17;30,17;32,98
86;55,00;37,22;47,13;92,99;81,26;54,94;48,34;33,21;33,89;61,98;62,02;51,44;40,66;65,14;110,82;65,93;64,35;57,67;78,33;35,75;50,98;120,00;90,16;50,47;32,58;30,43;47,98;64,42;25,67;30,68;60,45;52,48;29,04;32,41;68,37;97,07;58,75;83,49;58,14;130,26;47,17;54,45;25,64;25,47;88,90;74,36;20,83;32,99;30,17;55,00;30,17;30,17;30,17;32,98
86,5;52,77;35,97;46,16;92,13;80,33;54,26;47,32;32,91;32,98;61,98;60,89;49,66;40,60;65,03;109,78;65,77;63,85;57,63;77,81;34,41;48,96;119,00;89,16;49,47;31,65;29,60;47,81;64,38;26,33;28,65;59,52;51,66;27,99;31,61;67,47;96,32;56,78;80,33;56,49;126,46;46,82;53,97;25,55;24,95;89,04;69,38;20,42;32,99;30,24;52,77;30,25;30,25;30,25;32,98
87;50,75;35,16;45,19;91,27;79,40;53,58;46,29;32,62;32,08;61,98;59,77;48,20;40,54;64,92;108,69;65,61;63,36;57,59;77,29;33,57;48,07;118,00;88,16;48,47;30,72;29,45;47,64;64,35;26,34;29,42;58,58;50,83;26,83;30,80;66,57;95,57;54,80;77,16;54,85;122,66;46,48;53,49;25,47;24,43;89,24;64,18;20,01;32,99;30,24;50,75;30,25;30,25;30,25;32,98
87,5;49,11;34,62;44,22;90,41;78,48;52,90;45,26;32,33;31,18;61,98;58,46;46,75;40,47;64,82;107,02;65,45;62,86;57,55;76,77;32,64;46,30;117,00;87,16;47,47;29,78;29,30;47,47;64,31;26,27;28,44;57,64;50,01;25,67;29,99;65,66;94,83;52,82;73,99;53,20;118,86;46,13;53,01;25,38;23,91;89,31;61,64;20,42;32,99;30,31;49,11;30,32;30,32;30,32;32,98
88;47,54;34,51;43,25;89,55;77,55;52,22;44,23;32,04;30,28;61,98;57,13;44,77;40,41;64,71;104,54;65,29;62,36;57,51;76,25;31,56;45,54;116,00;86,16;46,47;28,85;29,15;47,31;64,27;26,30;28,34;56,71;49,19;24,51;29,18;64,76;94,08;50,85;70,82;51,55;115,06;45,79;52,53;25,30;23,38;89,33;59,21;20,33;32,99;30,31;47,54;30,32;30,32;30,32;32,98
88,5;46,54;34,76;42,28;88,69;76,62;51,54;43,21;31,75;29,38;61,98;55,83;42,80;40,35;64,60;103,34;65,13;61,87;57,47;75,73;29,92;44,68;115,00;85,16;45,47;27,92;29,00;47,14;64,24;26,32;29,53;55,77;48,37;23,36;28,38;63,85;93,33;48,87;67,66;49,90;111,26;45,44;52,06;25,21;22,86;89,44;56,20;20,10;32,99;30,38;46,54;30,40;30,40;30,40;32,98
89;45,94;35,39;41,31;87,83;75,70;50,86;42,18;31,46;28,48;61,98;54,25;40,96;40,29;64,50;101,62;64,97;61,37;57,43;75,21;28,20;43,22;114,00;84,16;44,47;26,99;28,86;46,97;64,20;26,35;27,79;54,84;47,55;22,20;27,57;62,95;92,59;46,90;64,49;48,25;107,46;45,10;51,58;25,13;22,34;89,64;54,81;20,00;32,99;30,38;45,94;30,40;30,40;30,40;32,98
89,5;42,89;35,80;40,34;86,97;74,77;50,18;41,15;31,17;27,57;61,98;52,62;39,77;40,23;64,39;100,32;64,81;60,88;57,39;74,69;26,64;42,17;113,00;83,16;43,47;26,06;28,71;46,80;64,16;26,38;27,33;53,90;46,73;21,04;26,76;62,05;91,84;44,92;61,32;46,61;103,66;44,75;51,10;25,04;21,82;89,64;54,82;19,90;32,99;30,46;42,89;30,47;30,47;30,47;32,98
90;42,08;35,93;39,37;86,11;73,84;49,50;40,12;30,88;26,67;61,93;51,16;38,78;40,17;64,29;99,17;64,65;60,38;57,35;74,17;25,91;41,11;112,00;82,16;42,47;26,44;28,56;46,63;64,13;26,40;26,88;52,96;45,90;21,00;25,95;61,14;91,09;42,95;58,15;44,96;99,87;44,41;50,62;24,96;21,30;89,64;54,65;19,80;32,99;30,48;42,08;30,39;30,39;30,39;32,98
90,5;41,28;35,93;38,40;85,24;72,92;48,82;39,10;30,59;25,77;60,57;49,56;37,52;40,10;64,18;98,57;64,49;59,89;57,31;73,65;26,89;40,06;111,00;81,16;41,47;27,43;28,41;46,46;64,09;26,43;26,42;52,03;45,08;22,12;26,85;60,24;90,35;40,97;54,99;43,31;96,07;44,07;50,14;24,87;20,78;89,78;52,22;19,70;32,99;30,51;41,28;30,41;30,41;30,41;32,98
91;40,47;35,82;37,43;84,38;71,99;48,14;38,07;30,30;24,87;59,13;48,36;36,23;40,04;64,07;97,99;64,33;59,39;57,27;73,13;30,27;40,00;110,00;80,16;40,47;26,86;28,27;46,30;64,05;26,46;25,97;51,09;44,26;22,05;25,85;59,33;89,60;38,99;51,82;41,66;92,27;43,72;49,66;24,79;20,26;89,91;49,22;19,60;32,99;30,55;40,47;30,43;30,43;30,43;32,98
91,5;39,66;35,82;36,46;83,52;71,06;47,46;37,04;30,01;24,62;57,41;46,90;35,43;39,98;63,97;96,81;64,16;58,90;57,23;72,61;35,65;39,50;109,00;79,16;39,47;26,59;28,12;46,13;64,02;26,49;25,52;50,16;43,44;21,28;25,59;58,43;88,86;37,02;48,65;40,02;88,47;43,38;49,19;24,70;20,74;90,05;46,17;19,50;32,99;30,59;39,66;30,45;30,45;30,45;32,98
92;38,86;69,30;35,49;82,66;70,14;46,78;36,02;29,72;26,24;56,00;45,69;34,48;39,92;63,86;95,58;64,00;58,40;57,19;72,09;41,47;38,95;108,00;78,16;38,47;26,49;27,97;45,96;63,98;26,51;25,06;49,22;42,62;21,08;25,26;57,53;88,11;35,04;45,48;38,37;84,67;43,03;48,71;24,62;20,21;89,90;44,94;19,40;32,99;30,62;38,86;30,47;30,47;30,47;32,98
92,5;38,05;68,74;34,52;81,80;69,21;46,10;34,99;29,43;25,53;54,49;44,63;33,86;39,86;63,75;94,41;63,84;57,90;57,15;71,57;46,55;38,46;107,00;77,16;37,46;26,38;27,82;45,79;63,94;26,54;24,61;48,29;41,80;20,89;24,92;56,62;87,36;33,07;42,32;36,72;80,87;42,69;48,23;24,53;19,99;90,05;44,93;19,30;32,99;30,66;38,05;30,49;30,49;30,49;32,98
93;37,25;68,19;33,55;80,94;68,28;45,42;33,96;29,14;25,86;52,99;43,40;33,12;39,79;63,65;92,77;63,68;57,41;57,11;71,05;49,16;37,97;106,00;76,16;37,54;26,28;27,67;45,62;63,91;26,57;24,16;47,35;40,97;20,70;24,59;55,72;86,62;31,09;39,15;35,07;77,07;42,34;47,75;24,45;19,77;90,04;44,93;19,20;32,99;30,70;37,25;30,51;30,51;30,51;32,98
93,5;36,44;67,64;32,58;80,08;67,36;44,74;32,93;28,85;25,43;51,45;41,93;32,26;39,73;63,54;90,84;63,52;56,91;57,07;70,53;50,92;37,48;105,00;75,15;37,85;26,18;27,53;45,45;63,87;26,59;23,70;46,41;40,15;20,50;24,25;54,81;85,87;30,12;35,98;33,42;73,27;42,00;47,27;24,36;19,55;90,19;44,93;19,10;32,99;30,73;36,44;30,53;30,53;30,53;32,98
94;35,64;67,08;31,61;79,22;66,43;44,06;31,91;28,56;25,38;50,13;40,63;31,43;39,67;63,43;89,08;63,36;56,42;57,03;70,01;51,12;37,00;104,00;74,15;36,56;26,08;27,38;45,29;63,83;26,62;23,25;45,48;39,33;20,31;23,92;53,91;85,12;29,14;32,81;31,78;69,47;41,66;46,79;24,28;19,33;90,31;44,50;19,00;32,99;30,77;35,64;30,55;30,55;30,55;32,98
94,5;34,83;66,53;30,64;78,35;65,51;43,38;30,88;28,27;25,32;48,48;39,15;30,44;39,61;63,33;87,73;63,20;55,92;56,99;69,49;50,94;36,51;103,00;73,15;35,99;25,97;27,23;45,12;63,79;26,65;22,80;44,54;38,51;20,11;23,58;53,01;84,38;29,16;29,65;30,13;65,67;41,31;46,32;24,19;19,11;90,31;41,62;18,90;32,99;30,81;34,83;30,57;30,57;30,57;32,98
95;34,03;65,97;29,67;77,49;64,58;42,70;29,85;27,98;25,27;46,91;37,97;29,99;39,55;63,22;86,03;63,04;55,43;56,95;68,97;47,69;36,02;102,00;72,15;35,42;25,87;27,08;44,95;63,76;26,67;22,34;43,61;37,69;19,92;23,25;52,10;83,63;28,19;29,48;29,48;61,87;40,97;45,84;24,11;18,89;90,31;39,91;18,80;32,99;30,84;34,03;30,59;30,59;30,59;32,98
95,5;33,22;65,42;28,69;76,63;63,65;42,02;28,82;27,69;25,21;44,86;36,50;28,58;39,48;63,11;84,71;62,88;54,93;56,91;68,45;41,63;35,53;101,00;71,15;34,85;25,77;26,94;44,78;63,72;26,70;21,89;42,67;36,87;19,72;22,91;51,20;82,88;27,51;29,31;29,83;58,07;40,62;45,36;24,02;18,66;90,45;39,92;18,70;32,99;30,88;33,22;30,62;30,62;30,62;32,98
96;32,42;64,87;27,72;75,77;62,73;41,34;27,80;27,40;25,15;42,70;35,21;27,67;39,42;63,01;83,56;62,72;54,44;56,87;67,93;33,00;35,05;100,00;70,15;34,29;25,67;26,79;44,61;63,68;26,73;21,44;41,73;36,04;19,53;22,58;50,29;82,14;26,84;29,15;29,52;54,27;40,28;44,88;23,94;18,44;90,54;39,73;18,60;32,99;30,92;32,42;30,64;30,64;30,64;32,98
96,5;31,61;64,31;26,75;74,91;61,80;40,66;26,77;27,11;25,10;40,61;33,85;26,76;39,36;62,90;81,93;62,56;53,94;56,83;67,41;28,82;34,56;99,00;69,15;33,72;25,56;26,64;44,44;63,65;26,76;20,98;40,80;35,22;19,33;22,24;49,39;81,39;26,16;28,98;29,37;50,48;39,93;44,40;23,85;18,22;90,65;37,54;18,50;32,99;30,95;31,61;30,66;30,66;30,66;32,98
97;30,80;63,76;25,78;74,05;60,87;39,98;25,74;26,81;25,04;38,32;32,43;25,85;39,30;62,79;80,50;62,40;53,44;56,79;66,89;26,45;34,07;98,00;68,15;33,15;25,46;26,49;44,28;63,61;26,78;20,53;39,86;34,40;19,14;21,91;48,49;80,65;25,48;28,81;29,22;46,68;39,59;43,92;23,77;18,00;90,78;35,06;18,40;32,99;30,99;30,80;30,68;30,68;30,68;32,98
97,5;30,00;63,21;24,81;73,19;59,95;39,30;24,72;26,52;24,99;36,11;31,18;24,94;39,24;62,69;79,21;62,24;52,95;56,75;66,37;24,88;33,58;97,00;67,15;32,58;25,36;26,34;44,11;63,57;26,81;20,07;38,93;33,58;18,94;21,57;47,58;79,90;24,81;28,64;29,07;42,88;39,25;43,45;23,68;17,78;90,85;34,80;18,30;32,99;31,03;30,00;30,70;30,70;30,70;32,98
98;29,19;62,65;23,84;72,33;59,02;38,62;23,69;26,23;24,93;33,95;29,92;24,03;39,18;62,58;77,68;62,08;52,45;56,71;65,85;23,08;33,10;96,00;66,15;32,02;25,25;26,20;43,94;63,54;26,84;19,62;37,99;32,76;18,75;21,24;46,68;79,15;24,13;28,48;28,93;39,08;38,90;42,97;23,60;17,56;90,85;33,59;18,20;32,99;31,06;29,19;30,72;30,72;30,72;32,98
98,5;28,39;62,10;22,87;71,46;58,09;37,94;22,66;25,94;24,88;30,54;28,60;23,12;39,11;62,47;76,24;61,92;51,96;56,67;65,33;20,54;32,61;95,00;65,15;31,45;25,15;26,05;43,77;63,50;26,86;19,17;37,05;31,93;18,55;20,90;45,77;78,41;23,46;28,31;28,78;35,28;38,56;42,49;23,51;17,34;89,72;32,38;18,10;32,99;31,10;28,39;30,74;30,74;30,74;32,98
99;27,58;61,54;21,90;70,60;57,17;37,26;21,63;25,65;24,82;27,03;27,28;22,22;39,05;62,37;74,79;61,76;51,46;56,63;64,81;18,73;32,12;94,00;64,15;30,88;25,05;25,90;43,60;63,46;26,89;18,71;36,12;31,11;18,36;20,57;44,87;77,66;22,78;28,14;28,63;31,48;38,21;42,01;23,43;17,12;86,57;31,18;18,00;32,99;31,14;27,58;30,76;30,76;30,76;32,98
99,5;26,78;60,99;20,93;69,74;56,24;36,58;20,61;25,36;24,77;23,60;25,96;21,31;38,99;62,26;73,35;61,60;50,97;56,59;64,29;19,77;31,63;93,00;63,15;30,32;24,95;25,75;43,43;63,43;26,92;18,26;35,18;30,29;18,16;20,23;43,97;76,91;22,11;27,97;28,48;27,68;37,87;41,53;23,34;16,89;86,00;29,97;17,90;32,99;31,17;26,78;30,78;30,78;30,78;32,98
100;25,97;60,44;19,96;68,88;55,31;35,90;19,58;25,07;24,71;19,98;24,63;20,40;38,93;62,15;71,90;61,44;50,47;56,54;63,77;20,95;31,15;92,00;62,15;29,75;24,84;25,60;43,27;63,39;26,94;17,81;34,25;29,47;17,97;19,90;43,06;76,17;21,43;27,81;28,34;23,88;37,52;41,05;23,26;16,67;84,61;28,76;17,80;32,99;31,21;25,97;30,80;30,80;30,80;32,98