Datum von;Datum bis;Gesamt [MWh] Originalauflösungen
01.12.25 00:00;01.12.25 00:15;0,00
01.12.25 00:15;01.12.25 00:30;0,00
01.12.25 00:30;01.12.25 00:45;0,00
01.12.25 00:45;01.12.25 01:00;300,00
01.12.25 01:00;01.12.25 01:15;300,00
01.12.25 01:15;01.12.25 01:30;300,00
01.12.25 01:30;01.12.25 01:45;300,00
01.12.25 01:45;01.12.25 02:00;300,00
01.12.25 02:00;01.12.25 02:15;300,00
01.12.25 02:15;01.12.25 02:30;0,00
01.12.25 02:30;01.12.25 02:45;0,00
01.12.25 02:45;01.12.25 03:00;0,00
01.12.25 03:00;01.12.25 03:15;0,00
01.12.25 03:15;01.12.25 03:30;0,00
01.12.25 03:30;01.12.25 03:45;0,00
01.12.25 03:45;01.12.25 04:00;0,00
01.12.25 04:00;01.12.25 04:15;0,00
01.12.25 04:15;01.12.25 04:30;0,00
01.12.25 04:30;01.12.25 04:45;20,00
01.12.25 04:45;01.12.25 05:00;25,00
01.12.25 05:00;01.12.25 05:15;30,00
01.12.25 05:15;01.12.25 05:30;40,00
01.12.25 05:30;01.12.25 05:45;100,00
01.12.25 05:45;01.12.25 06:00;100,00
01.12.25 06:00;01.12.25 06:15;100,00
01.12.25 06:15;01.12.25 06:30;100,00
01.12.25 06:30;01.12.25 06:45;100,00
01.12.25 06:45;01.12.25 07:00;100,00
01.12.25 07:00;01.12.25 07:15;200,00
01.12.25 07:15;01.12.25 07:30;200,00
01.12.25 07:30;01.12.25 07:45;200,00
01.12.25 07:45;01.12.25 08:00;200,00
01.12.25 08:00;01.12.25 08:15;200,00
01.12.25 08:15;01.12.25 08:30;200,00
01.12.25 08:30;01.12.25 08:45;200,00
01.12.25 08:45;01.12.25 09:00;200,00
01.12.25 09:00;01.12.25 09:15;200,00
01.12.25 09:15;01.12.25 09:30;200,00
01.12.25 09:30;01.12.25 09:45;200,00
01.12.25 09:45;01.12.25 10:00;200,00
01.12.25 10:00;01.12.25 10:15;250,00
01.12.25 10:15;01.12.25 10:30;250,00
01.12.25 10:30;01.12.25 10:45;250,00
01.12.25 10:45;01.12.25 11:00;250,00
01.12.25 11:00;01.12.25 11:15;250,00
01.12.25 11:15;01.12.25 11:30;300,00
01.12.25 11:30;01.12.25 11:45;400,00
01.12.25 11:45;01.12.25 12:00;400,00
01.12.25 12:00;01.12.25 12:15;500,00
01.12.25 12:15;01.12.25 12:30;500,00
01.12.25 12:30;01.12.25 12:45;500,00
01.12.25 12:45;01.12.25 13:00;400,00
01.12.25 13:00;01.12.25 13:15;400,00
01.12.25 13:15;01.12.25 13:30;300,00
01.12.25 13:30;01.12.25 13:45;300,00
01.12.25 13:45;01.12.25 14:00;300,00
01.12.25 14:00;01.12.25 14:15;300,00
01.12.25 14:15;01.12.25 14:30;300,00
01.12.25 14:30;01.12.25 14:45;300,00
01.12.25 14:45;01.12.25 15:00;0,00
01.12.25 15:00;01.12.25 15:15;0,00
01.12.25 15:15;01.12.25 15:30;200,00
01.12.25 15:30;01.12.25 15:45;200,00
01.12.25 15:45;01.12.25 16:00;200,00
01.12.25 16:00;01.12.25 16:15;200,00
01.12.25 16:15;01.12.25 16:30;200,00
01.12.25 16:30;01.12.25 16:45;300,00
01.12.25 16:45;01.12.25 17:00;300,00
01.12.25 17:00;01.12.25 17:15;300,00
01.12.25 17:15;01.12.25 17:30;300,00
01.12.25 17:30;01.12.25 17:45;300,00
01.12.25 17:45;01.12.25 18:00;300,00
01.12.25 18:00;01.12.25 18:15;300,00
01.12.25 18:15;01.12.25 18:30;300,00
01.12.25 18:30;01.12.25 18:45;300,00
01.12.25 18:45;01.12.25 19:00;300,00
01.12.25 19:00;01.12.25 19:15;200,00
01.12.25 19:15;01.12.25 19:30;200,00
01.12.25 19:30;01.12.25 19:45;200,00
01.12.25 19:45;01.12.25 20:00;200,00
01.12.25 20:00;01.12.25 20:15;200,00
01.12.25 20:15;01.12.25 20:30;400,00
01.12.25 20:30;01.12.25 20:45;400,00
01.12.25 20:45;01.12.25 21:00;400,00
01.12.25 21:00;01.12.25 21:15;400,00
01.12.25 21:15;01.12.25 21:30;0,00
01.12.25 21:30;01.12.25 21:45;0,00
01.12.25 21:45;01.12.25 22:00;0,00
01.12.25 22:00;01.12.25 22:15;0,00
01.12.25 22:15;01.12.25 22:30;0,00
01.12.25 22:30;01.12.25 22:45;0,00
01.12.25 22:45;01.12.25 23:00;0,00
01.12.25 23:00;01.12.25 23:15;0,00
01.12.25 23:15;01.12.25 23:30;0,00
01.12.25 23:30;01.12.25 23:45;0,00
01.12.25 23:45;02.12.25 00:00;0,00
02.12.25 00:00;02.12.25 00:15;0,00
02.12.25 00:15;02.12.25 00:30;0,00
02.12.25 00:30;02.12.25 00:45;0,00
02.12.25 00:45;02.12.25 01:00;300,00
02.12.25 01:00;02.12.25 01:15;300,00
02.12.25 01:15;02.12.25 01:30;300,00
02.12.25 01:30;02.12.25 01:45;300,00
02.12.25 01:45;02.12.25 02:00;300,00
02.12.25 02:00;02.12.25 02:15;300,00
02.12.25 02:15;02.12.25 02:30;0,00
02.12.25 02:30;02.12.25 02:45;0,00
02.12.25 02:45;02.12.25 03:00;0,00
02.12.25 03:00;02.12.25 03:15;0,00
02.12.25 03:15;02.12.25 03:30;0,00
02.12.25 03:30;02.12.25 03:45;0,00
02.12.25 03:45;02.12.25 04:00;0,00
02.12.25 04:00;02.12.25 04:15;0,00
02.12.25 04:15;02.12.25 04:30;0,00
02.12.25 04:30;02.12.25 04:45;20,00
02.12.25 04:45;02.12.25 05:00;25,00
02.12.25 05:00;02.12.25 05:15;30,00
02.12.25 05:15;02.12.25 05:30;40,00
02.12.25 05:30;02.12.25 05:45;100,00
02.12.25 05:45;02.12.25 06:00;100,00
02.12.25 06:00;02.12.25 06:15;100,00
02.12.25 06:15;02.12.25 06:30;100,00
02.12.25 06:30;02.12.25 06:45;100,00
02.12.25 06:45;02.12.25 07:00;100,00
02.12.25 07:00;02.12.25 07:15;200,00
02.12.25 07:15;02.12.25 07:30;200,00
02.12.25 07:30;02.12.25 07:45;200,00
02.12.25 07:45;02.12.25 08:00;200,00
02.12.25 08:00;02.12.25 08:15;200,00
02.12.25 08:15;02.12.25 08:30;200,00
02.12.25 08:30;02.12.25 08:45;200,00
02.12.25 08:45;02.12.25 09:00;200,00
02.12.25 09:00;02.12.25 09:15;200,00
02.12.25 09:15;02.12.25 09:30;200,00
02.12.25 09:30;02.12.25 09:45;200,00
02.12.25 09:45;02.12.25 10:00;200,00
02.12.25 10:00;02.12.25 10:15;250,00
02.12.25 10:15;02.12.25 10:30;250,00
02.12.25 10:30;02.12.25 10:45;250,00
02.12.25 10:45;02.12.25 11:00;250,00
02.12.25 11:00;02.12.25 11:15;250,00
02.12.25 11:15;02.12.25 11:30;300,00
02.12.25 11:30;02.12.25 11:45;400,00
02.12.25 11:45;02.12.25 12:00;400,00
02.12.25 12:00;02.12.25 12:15;500,00
02.12.25 12:15;02.12.25 12:30;500,00
02.12.25 12:30;02.12.25 12:45;500,00
02.12.25 12:45;02.12.25 13:00;400,00
02.12.25 13:00;02.12.25 13:15;400,00
02.12.25 13:15;02.12.25 13:30;300,00
02.12.25 13:30;02.12.25 13:45;300,00
02.12.25 13:45;02.12.25 14:00;300,00
02.12.25 14:00;02.12.25 14:15;300,00
02.12.25 14:15;02.12.25 14:30;300,00
02.12.25 14:30;02.12.25 14:45;300,00
02.12.25 14:45;02.12.25 15:00;0,00
02.12.25 15:00;02.12.25 15:15;0,00
02.12.25 15:15;02.12.25 15:30;200,00
02.12.25 15:30;02.12.25 15:45;200,00
02.12.25 15:45;02.12.25 16:00;200,00
02.12.25 16:00;02.12.25 16:15;200,00
02.12.25 16:15;02.12.25 16:30;200,00
02.12.25 16:30;02.12.25 16:45;300,00
02.12.25 16:45;02.12.25 17:00;300,00
02.12.25 17:00;02.12.25 17:15;300,00
02.12.25 17:15;02.12.25 17:30;300,00
02.12.25 17:30;02.12.25 17:45;300,00
02.12.25 17:45;02.12.25 18:00;300,00
02.12.25 18:00;02.12.25 18:15;300,00
02.12.25 18:15;02.12.25 18:30;300,00
02.12.25 18:30;02.12.25 18:45;300,00
02.12.25 18:45;02.12.25 19:00;300,00
02.12.25 19:00;02.12.25 19:15;200,00
02.12.25 19:15;02.12.25 19:30;200,00
02.12.25 19:30;02.12.25 19:45;200,00
02.12.25 19:45;02.12.25 20:00;200,00
02.12.25 20:00;02.12.25 20:15;200,00
02.12.25 20:15;02.12.25 20:30;400,00
02.12.25 20:30;02.12.25 20:45;400,00
02.12.25 20:45;02.12.25 21:00;400,00
02.12.25 21:00;02.12.25 21:15;400,00
02.12.25 21:15;02.12.25 21:30;0,00
02.12.25 21:30;02.12.25 21:45;0,00
02.12.25 21:45;02.12.25 22:00;0,00
02.12.25 22:00;02.12.25 22:15;0,00
02.12.25 22:15;02.12.25 22:30;0,00
02.12.25 22:30;02.12.25 22:45;0,00
02.12.25 22:45;02.12.25 23:00;0,00
02.12.25 23:00;02.12.25 23:15;0,00
02.12.25 23:15;02.12.25 23:30;0,00
02.12.25 23:30;02.12.25 23:45;0,00
02.12.25 23:45;03.12.25 00:00;0,00
03.12.25 00:00;03.12.25 00:15;0,00
03.12.25 00:15;03.12.25 00:30;0,00
03.12.25 00:30;03.12.25 00:45;0,00
03.12.25 00:45;03.12.25 01:00;300,00
03.12.25 01:00;03.12.25 01:15;300,00
03.12.25 01:15;03.12.25 01:30;300,00
03.12.25 01:30;03.12.25 01:45;300,00
03.12.25 01:45;03.12.25 02:00;300,00
03.12.25 02:00;03.12.25 02:15;300,00
03.12.25 02:15;03.12.25 02:30;0,00
03.12.25 02:30;03.12.25 02:45;0,00
03.12.25 02:45;03.12.25 03:00;0,00
03.12.25 03:00;03.12.25 03:15;0,00
03.12.25 03:15;03.12.25 03:30;0,00
03.12.25 03:30;03.12.25 03:45;0,00
03.12.25 03:45;03.12.25 04:00;0,00
03.12.25 04:00;03.12.25 04:15;0,00
03.12.25 04:15;03.12.25 04:30;0,00
03.12.25 04:30;03.12.25 04:45;20,00
03.12.25 04:45;03.12.25 05:00;25,00
03.12.25 05:00;03.12.25 05:15;30,00
03.12.25 05:15;03.12.25 05:30;40,00
03.12.25 05:30;03.12.25 05:45;100,00
03.12.25 05:45;03.12.25 06:00;100,00
03.12.25 06:00;03.12.25 06:15;100,00
03.12.25 06:15;03.12.25 06:30;100,00
03.12.25 06:30;03.12.25 06:45;100,00
03.12.25 06:45;03.12.25 07:00;100,00
03.12.25 07:00;03.12.25 07:15;200,00
03.12.25 07:15;03.12.25 07:30;200,00
03.12.25 07:30;03.12.25 07:45;200,00
03.12.25 07:45;03.12.25 08:00;200,00
03.12.25 08:00;03.12.25 08:15;200,00
03.12.25 08:15;03.12.25 08:30;200,00
03.12.25 08:30;03.12.25 08:45;200,00
03.12.25 08:45;03.12.25 09:00;200,00
03.12.25 09:00;03.12.25 09:15;200,00
03.12.25 09:15;03.12.25 09:30;200,00
03.12.25 09:30;03.12.25 09:45;200,00
03.12.25 09:45;03.12.25 10:00;200,00
03.12.25 10:00;03.12.25 10:15;250,00
03.12.25 10:15;03.12.25 10:30;250,00
03.12.25 10:30;03.12.25 10:45;250,00
03.12.25 10:45;03.12.25 11:00;250,00
03.12.25 11:00;03.12.25 11:15;250,00
03.12.25 11:15;03.12.25 11:30;300,00
03.12.25 11:30;03.12.25 11:45;400,00
03.12.25 11:45;03.12.25 12:00;400,00
03.12.25 12:00;03.12.25 12:15;500,00
03.12.25 12:15;03.12.25 12:30;500,00
03.12.25 12:30;03.12.25 12:45;500,00
03.12.25 12:45;03.12.25 13:00;400,00
03.12.25 13:00;03.12.25 13:15;400,00
03.12.25 13:15;03.12.25 13:30;300,00
03.12.25 13:30;03.12.25 13:45;300,00
03.12.25 13:45;03.12.25 14:00;300,00
03.12.25 14:00;03.12.25 14:15;300,00
03.12.25 14:15;03.12.25 14:30;300,00
03.12.25 14:30;03.12.25 14:45;300,00
03.12.25 14:45;03.12.25 15:00;0,00
03.12.25 15:00;03.12.25 15:15;0,00
03.12.25 15:15;03.12.25 15:30;200,00
03.12.25 15:30;03.12.25 15:45;200,00
03.12.25 15:45;03.12.25 16:00;200,00
03.12.25 16:00;03.12.25 16:15;200,00
03.12.25 16:15;03.12.25 16:30;200,00
03.12.25 16:30;03.12.25 16:45;300,00
03.12.25 16:45;03.12.25 17:00;300,00
03.12.25 17:00;03.12.25 17:15;300,00
03.12.25 17:15;03.12.25 17:30;300,00
03.12.25 17:30;03.12.25 17:45;300,00
03.12.25 17:45;03.12.25 18:00;300,00
03.12.25 18:00;03.12.25 18:15;300,00
03.12.25 18:15;03.12.25 18:30;300,00
03.12.25 18:30;03.12.25 18:45;300,00
03.12.25 18:45;03.12.25 19:00;300,00
03.12.25 19:00;03.12.25 19:15;200,00
03.12.25 19:15;03.12.25 19:30;200,00
03.12.25 19:30;03.12.25 19:45;200,00
03.12.25 19:45;03.12.25 20:00;200,00
03.12.25 20:00;03.12.25 20:15;200,00
03.12.25 20:15;03.12.25 20:30;400,00
03.12.25 20:30;03.12.25 20:45;400,00
03.12.25 20:45;03.12.25 21:00;400,00
03.12.25 21:00;03.12.25 21:15;400,00
03.12.25 21:15;03.12.25 21:30;0,00
03.12.25 21:30;03.12.25 21:45;0,00
03.12.25 21:45;03.12.25 22:00;0,00
03.12.25 22:00;03.12.25 22:15;0,00
03.12.25 22:15;03.12.25 22:30;0,00
03.12.25 22:30;03.12.25 22:45;0,00
03.12.25 22:45;03.12.25 23:00;0,00
03.12.25 23:00;03.12.25 23:15;0,00
03.12.25 23:15;03.12.25 23:30;0,00
03.12.25 23:30;03.12.25 23:45;0,00
03.12.25 23:45;04.12.25 00:00;0,00
04.12.25 00:00;04.12.25 00:15;0,00
04.12.25 00:15;04.12.25 00:30;0,00
04.12.25 00:30;04.12.25 00:45;0,00
04.12.25 00:45;04.12.25 01:00;300,00
04.12.25 01:00;04.12.25 01:15;300,00
04.12.25 01:15;04.12.25 01:30;300,00
04.12.25 01:30;04.12.25 01:45;300,00
04.12.25 01:45;04.12.25 02:00;300,00
04.12.25 02:00;04.12.25 02:15;300,00
04.12.25 02:15;04.12.25 02:30;0,00
04.12.25 02:30;04.12.25 02:45;0,00
04.12.25 02:45;04.12.25 03:00;0,00
04.12.25 03:00;04.12.25 03:15;0,00
04.12.25 03:15;04.12.25 03:30;0,00
04.12.25 03:30;04.12.25 03:45;0,00
04.12.25 03:45;04.12.25 04:00;0,00
04.12.25 04:00;04.12.25 04:15;0,00
04.12.25 04:15;04.12.25 04:30;0,00
04.12.25 04:30;04.12.25 04:45;20,00
04.12.25 04:45;04.12.25 05:00;25,00
04.12.25 05:00;04.12.25 05:15;30,00
04.12.25 05:15;04.12.25 05:30;40,00
04.12.25 05:30;04.12.25 05:45;100,00
04.12.25 05:45;04.12.25 06:00;100,00
04.12.25 06:00;04.12.25 06:15;100,00
04.12.25 06:15;04.12.25 06:30;100,00
04.12.25 06:30;04.12.25 06:45;100,00
04.12.25 06:45;04.12.25 07:00;100,00
04.12.25 07:00;04.12.25 07:15;200,00
04.12.25 07:15;04.12.25 07:30;200,00
04.12.25 07:30;04.12.25 07:45;200,00
04.12.25 07:45;04.12.25 08:00;200,00
04.12.25 08:00;04.12.25 08:15;200,00
04.12.25 08:15;04.12.25 08:30;200,00
04.12.25 08:30;04.12.25 08:45;200,00
04.12.25 08:45;04.12.25 09:00;200,00
04.12.25 09:00;04.12.25 09:15;200,00
04.12.25 09:15;04.12.25 09:30;200,00
04.12.25 09:30;04.12.25 09:45;200,00
04.12.25 09:45;04.12.25 10:00;200,00
04.12.25 10:00;04.12.25 10:15;250,00
04.12.25 10:15;04.12.25 10:30;250,00
04.12.25 10:30;04.12.25 10:45;250,00
04.12.25 10:45;04.12.25 11:00;250,00
04.12.25 11:00;04.12.25 11:15;250,00
04.12.25 11:15;04.12.25 11:30;300,00
04.12.25 11:30;04.12.25 11:45;400,00
04.12.25 11:45;04.12.25 12:00;400,00
04.12.25 12:00;04.12.25 12:15;500,00
04.12.25 12:15;04.12.25 12:30;500,00
04.12.25 12:30;04.12.25 12:45;500,00
04.12.25 12:45;04.12.25 13:00;400,00
04.12.25 13:00;04.12.25 13:15;400,00
04.12.25 13:15;04.12.25 13:30;300,00
04.12.25 13:30;04.12.25 13:45;300,00
04.12.25 13:45;04.12.25 14:00;300,00
04.12.25 14:00;04.12.25 14:15;300,00
04.12.25 14:15;04.12.25 14:30;300,00
04.12.25 14:30;04.12.25 14:45;300,00
04.12.25 14:45;04.12.25 15:00;0,00
04.12.25 15:00;04.12.25 15:15;0,00
04.12.25 15:15;04.12.25 15:30;200,00
04.12.25 15:30;04.12.25 15:45;200,00
04.12.25 15:45;04.12.25 16:00;200,00
04.12.25 16:00;04.12.25 16:15;200,00
04.12.25 16:15;04.12.25 16:30;200,00
04.12.25 16:30;04.12.25 16:45;300,00
04.12.25 16:45;04.12.25 17:00;300,00
04.12.25 17:00;04.12.25 17:15;300,00
04.12.25 17:15;04.12.25 17:30;300,00
04.12.25 17:30;04.12.25 17:45;300,00
04.12.25 17:45;04.12.25 18:00;300,00
04.12.25 18:00;04.12.25 18:15;300,00
04.12.25 18:15;04.12.25 18:30;300,00
04.12.25 18:30;04.12.25 18:45;300,00
04.12.25 18:45;04.12.25 19:00;300,00
04.12.25 19:00;04.12.25 19:15;200,00
04.12.25 19:15;04.12.25 19:30;200,00
04.12.25 19:30;04.12.25 19:45;200,00
04.12.25 19:45;04.12.25 20:00;200,00
04.12.25 20:00;04.12.25 20:15;200,00
04.12.25 20:15;04.12.25 20:30;400,00
04.12.25 20:30;04.12.25 20:45;400,00
04.12.25 20:45;04.12.25 21:00;400,00
04.12.25 21:00;04.12.25 21:15;400,00
04.12.25 21:15;04.12.25 21:30;0,00
04.12.25 21:30;04.12.25 21:45;0,00
04.12.25 21:45;04.12.25 22:00;0,00
04.12.25 22:00;04.12.25 22:15;0,00
04.12.25 22:15;04.12.25 22:30;0,00
04.12.25 22:30;04.12.25 22:45;0,00
04.12.25 22:45;04.12.25 23:00;0,00
04.12.25 23:00;04.12.25 23:15;0,00
04.12.25 23:15;04.12.25 23:30;0,00
04.12.25 23:30;04.12.25 23:45;0,00
04.12.25 23:45;05.12.25 00:00;0,00
05.12.25 00:00;05.12.25 00:15;0,00
05.12.25 00:15;05.12.25 00:30;0,00
05.12.25 00:30;05.12.25 00:45;0,00
05.12.25 00:45;05.12.25 01:00;300,00
05.12.25 01:00;05.12.25 01:15;300,00
05.12.25 01:15;05.12.25 01:30;300,00
05.12.25 01:30;05.12.25 01:45;300,00
05.12.25 01:45;05.12.25 02:00;300,00
05.12.25 02:00;05.12.25 02:15;300,00
05.12.25 02:15;05.12.25 02:30;0,00
05.12.25 02:30;05.12.25 02:45;0,00
05.12.25 02:45;05.12.25 03:00;0,00
05.12.25 03:00;05.12.25 03:15;0,00
05.12.25 03:15;05.12.25 03:30;0,00
05.12.25 03:30;05.12.25 03:45;0,00
05.12.25 03:45;05.12.25 04:00;0,00
05.12.25 04:00;05.12.25 04:15;0,00
05.12.25 04:15;05.12.25 04:30;0,00
05.12.25 04:30;05.12.25 04:45;20,00
05.12.25 04:45;05.12.25 05:00;25,00
05.12.25 05:00;05.12.25 05:15;30,00
05.12.25 05:15;05.12.25 05:30;40,00
05.12.25 05:30;05.12.25 05:45;100,00
05.12.25 05:45;05.12.25 06:00;100,00
05.12.25 06:00;05.12.25 06:15;100,00
05.12.25 06:15;05.12.25 06:30;100,00
05.12.25 06:30;05.12.25 06:45;100,00
05.12.25 06:45;05.12.25 07:00;100,00
05.12.25 07:00;05.12.25 07:15;200,00
05.12.25 07:15;05.12.25 07:30;200,00
05.12.25 07:30;05.12.25 07:45;200,00
05.12.25 07:45;05.12.25 08:00;200,00
05.12.25 08:00;05.12.25 08:15;200,00
05.12.25 08:15;05.12.25 08:30;200,00
05.12.25 08:30;05.12.25 08:45;200,00
05.12.25 08:45;05.12.25 09:00;200,00
05.12.25 09:00;05.12.25 09:15;200,00
05.12.25 09:15;05.12.25 09:30;200,00
05.12.25 09:30;05.12.25 09:45;200,00
05.12.25 09:45;05.12.25 10:00;200,00
05.12.25 10:00;05.12.25 10:15;250,00
05.12.25 10:15;05.12.25 10:30;250,00
05.12.25 10:30;05.12.25 10:45;250,00
05.12.25 10:45;05.12.25 11:00;250,00
05.12.25 11:00;05.12.25 11:15;250,00
05.12.25 11:15;05.12.25 11:30;300,00
05.12.25 11:30;05.12.25 11:45;400,00
05.12.25 11:45;05.12.25 12:00;400,00
05.12.25 12:00;05.12.25 12:15;500,00
05.12.25 12:15;05.12.25 12:30;500,00
05.12.25 12:30;05.12.25 12:45;500,00
05.12.25 12:45;05.12.25 13:00;400,00
05.12.25 13:00;05.12.25 13:15;400,00
05.12.25 13:15;05.12.25 13:30;300,00
05.12.25 13:30;05.12.25 13:45;300,00
05.12.25 13:45;05.12.25 14:00;300,00
05.12.25 14:00;05.12.25 14:15;300,00
05.12.25 14:15;05.12.25 14:30;300,00
05.12.25 14:30;05.12.25 14:45;300,00
05.12.25 14:45;05.12.25 15:00;0,00
05.12.25 15:00;05.12.25 15:15;0,00
05.12.25 15:15;05.12.25 15:30;200,00
05.12.25 15:30;05.12.25 15:45;200,00
05.12.25 15:45;05.12.25 16:00;200,00
05.12.25 16:00;05.12.25 16:15;200,00
05.12.25 16:15;05.12.25 16:30;200,00
05.12.25 16:30;05.12.25 16:45;300,00
05.12.25 16:45;05.12.25 17:00;300,00
05.12.25 17:00;05.12.25 17:15;300,00
05.12.25 17:15;05.12.25 17:30;300,00
05.12.25 17:30;05.12.25 17:45;300,00
05.12.25 17:45;05.12.25 18:00;300,00
05.12.25 18:00;05.12.25 18:15;300,00
05.12.25 18:15;05.12.25 18:30;300,00
05.12.25 18:30;05.12.25 18:45;300,00
05.12.25 18:45;05.12.25 19:00;300,00
05.12.25 19:00;05.12.25 19:15;200,00
05.12.25 19:15;05.12.25 19:30;200,00
05.12.25 19:30;05.12.25 19:45;200,00
05.12.25 19:45;05.12.25 20:00;200,00
05.12.25 20:00;05.12.25 20:15;200,00
05.12.25 20:15;05.12.25 20:30;400,00
05.12.25 20:30;05.12.25 20:45;400,00
05.12.25 20:45;05.12.25 21:00;400,00
05.12.25 21:00;05.12.25 21:15;400,00
05.12.25 21:15;05.12.25 21:30;0,00
05.12.25 21:30;05.12.25 21:45;0,00
05.12.25 21:45;05.12.25 22:00;0,00
05.12.25 22:00;05.12.25 22:15;0,00
05.12.25 22:15;05.12.25 22:30;0,00
05.12.25 22:30;05.12.25 22:45;0,00
05.12.25 22:45;05.12.25 23:00;0,00
05.12.25 23:00;05.12.25 23:15;0,00
05.12.25 23:15;05.12.25 23:30;0,00
05.12.25 23:30;05.12.25 23:45;0,00
05.12.25 23:45;06.12.25 00:00;0,00
06.12.25 00:00;06.12.25 00:15;0,00
06.12.25 00:15;06.12.25 00:30;0,00
06.12.25 00:30;06.12.25 00:45;0,00
06.12.25 00:45;06.12.25 01:00;300,00
06.12.25 01:00;06.12.25 01:15;300,00
06.12.25 01:15;06.12.25 01:30;300,00
06.12.25 01:30;06.12.25 01:45;300,00
06.12.25 01:45;06.12.25 02:00;300,00
06.12.25 02:00;06.12.25 02:15;300,00
06.12.25 02:15;06.12.25 02:30;0,00
06.12.25 02:30;06.12.25 02:45;0,00
06.12.25 02:45;06.12.25 03:00;0,00
06.12.25 03:00;06.12.25 03:15;0,00
06.12.25 03:15;06.12.25 03:30;0,00
06.12.25 03:30;06.12.25 03:45;0,00
06.12.25 03:45;06.12.25 04:00;0,00
06.12.25 04:00;06.12.25 04:15;0,00
06.12.25 04:15;06.12.25 04:30;0,00
06.12.25 04:30;06.12.25 04:45;20,00
06.12.25 04:45;06.12.25 05:00;25,00
06.12.25 05:00;06.12.25 05:15;30,00
06.12.25 05:15;06.12.25 05:30;40,00
06.12.25 05:30;06.12.25 05:45;100,00
06.12.25 05:45;06.12.25 06:00;100,00
06.12.25 06:00;06.12.25 06:15;100,00
06.12.25 06:15;06.12.25 06:30;100,00
06.12.25 06:30;06.12.25 06:45;100,00
06.12.25 06:45;06.12.25 07:00;100,00
06.12.25 07:00;06.12.25 07:15;200,00
06.12.25 07:15;06.12.25 07:30;200,00
06.12.25 07:30;06.12.25 07:45;200,00
06.12.25 07:45;06.12.25 08:00;200,00
06.12.25 08:00;06.12.25 08:15;200,00
06.12.25 08:15;06.12.25 08:30;200,00
06.12.25 08:30;06.12.25 08:45;200,00
06.12.25 08:45;06.12.25 09:00;200,00
06.12.25 09:00;06.12.25 09:15;200,00
06.12.25 09:15;06.12.25 09:30;200,00
06.12.25 09:30;06.12.25 09:45;200,00
06.12.25 09:45;06.12.25 10:00;200,00
06.12.25 10:00;06.12.25 10:15;250,00
06.12.25 10:15;06.12.25 10:30;250,00
06.12.25 10:30;06.12.25 10:45;250,00
06.12.25 10:45;06.12.25 11:00;250,00
06.12.25 11:00;06.12.25 11:15;250,00
06.12.25 11:15;06.12.25 11:30;300,00
06.12.25 11:30;06.12.25 11:45;400,00
06.12.25 11:45;06.12.25 12:00;400,00
06.12.25 12:00;06.12.25 12:15;500,00
06.12.25 12:15;06.12.25 12:30;500,00
06.12.25 12:30;06.12.25 12:45;500,00
06.12.25 12:45;06.12.25 13:00;400,00
06.12.25 13:00;06.12.25 13:15;400,00
06.12.25 13:15;06.12.25 13:30;300,00
06.12.25 13:30;06.12.25 13:45;300,00
06.12.25 13:45;06.12.25 14:00;300,00
06.12.25 14:00;06.12.25 14:15;300,00
06.12.25 14:15;06.12.25 14:30;300,00
06.12.25 14:30;06.12.25 14:45;300,00
06.12.25 14:45;06.12.25 15:00;0,00
06.12.25 15:00;06.12.25 15:15;0,00
06.12.25 15:15;06.12.25 15:30;200,00
06.12.25 15:30;06.12.25 15:45;200,00
06.12.25 15:45;06.12.25 16:00;200,00
06.12.25 16:00;06.12.25 16:15;200,00
06.12.25 16:15;06.12.25 16:30;200,00
06.12.25 16:30;06.12.25 16:45;300,00
06.12.25 16:45;06.12.25 17:00;300,00
06.12.25 17:00;06.12.25 17:15;300,00
06.12.25 17:15;06.12.25 17:30;300,00
06.12.25 17:30;06.12.25 17:45;300,00
06.12.25 17:45;06.12.25 18:00;300,00
06.12.25 18:00;06.12.25 18:15;300,00
06.12.25 18:15;06.12.25 18:30;300,00
06.12.25 18:30;06.12.25 18:45;300,00
06.12.25 18:45;06.12.25 19:00;300,00
06.12.25 19:00;06.12.25 19:15;200,00
06.12.25 19:15;06.12.25 19:30;200,00
06.12.25 19:30;06.12.25 19:45;200,00
06.12.25 19:45;06.12.25 20:00;200,00
06.12.25 20:00;06.12.25 20:15;200,00
06.12.25 20:15;06.12.25 20:30;400,00
06.12.25 20:30;06.12.25 20:45;400,00
06.12.25 20:45;06.12.25 21:00;400,00
06.12.25 21:00;06.12.25 21:15;400,00
06.12.25 21:15;06.12.25 21:30;0,00
06.12.25 21:30;06.12.25 21:45;0,00
06.12.25 21:45;06.12.25 22:00;0,00
06.12.25 22:00;06.12.25 22:15;0,00
06.12.25 22:15;06.12.25 22:30;0,00
06.12.25 22:30;06.12.25 22:45;0,00
06.12.25 22:45;06.12.25 23:00;0,00
06.12.25 23:00;06.12.25 23:15;0,00
06.12.25 23:15;06.12.25 23:30;0,00
06.12.25 23:30;06.12.25 23:45;0,00
06.12.25 23:45;07.12.25 00:00;0,00
07.12.25 00:00;07.12.25 00:15;0,00
07.12.25 00:15;07.12.25 00:30;0,00
07.12.25 00:30;07.12.25 00:45;0,00
07.12.25 00:45;07.12.25 01:00;300,00
07.12.25 01:00;07.12.25 01:15;300,00
07.12.25 01:15;07.12.25 01:30;300,00
07.12.25 01:30;07.12.25 01:45;300,00
07.12.25 01:45;07.12.25 02:00;300,00
07.12.25 02:00;07.12.25 02:15;300,00
07.12.25 02:15;07.12.25 02:30;0,00
07.12.25 02:30;07.12.25 02:45;0,00
07.12.25 02:45;07.12.25 03:00;0,00
07.12.25 03:00;07.12.25 03:15;0,00
07.12.25 03:15;07.12.25 03:30;0,00
07.12.25 03:30;07.12.25 03:45;0,00
07.12.25 03:45;07.12.25 04:00;0,00
07.12.25 04:00;07.12.25 04:15;0,00
07.12.25 04:15;07.12.25 04:30;0,00
07.12.25 04:30;07.12.25 04:45;20,00
07.12.25 04:45;07.12.25 05:00;25,00
07.12.25 05:00;07.12.25 05:15;30,00
07.12.25 05:15;07.12.25 05:30;40,00
07.12.25 05:30;07.12.25 05:45;100,00
07.12.25 05:45;07.12.25 06:00;100,00
07.12.25 06:00;07.12.25 06:15;100,00
07.12.25 06:15;07.12.25 06:30;100,00
07.12.25 06:30;07.12.25 06:45;100,00
07.12.25 06:45;07.12.25 07:00;100,00
07.12.25 07:00;07.12.25 07:15;200,00
07.12.25 07:15;07.12.25 07:30;200,00
07.12.25 07:30;07.12.25 07:45;200,00
07.12.25 07:45;07.12.25 08:00;200,00
07.12.25 08:00;07.12.25 08:15;200,00
07.12.25 08:15;07.12.25 08:30;200,00
07.12.25 08:30;07.12.25 08:45;200,00
07.12.25 08:45;07.12.25 09:00;200,00
07.12.25 09:00;07.12.25 09:15;200,00
07.12.25 09:15;07.12.25 09:30;200,00
07.12.25 09:30;07.12.25 09:45;200,00
07.12.25 09:45;07.12.25 10:00;200,00
07.12.25 10:00;07.12.25 10:15;250,00
07.12.25 10:15;07.12.25 10:30;250,00
07.12.25 10:30;07.12.25 10:45;250,00
07.12.25 10:45;07.12.25 11:00;250,00
07.12.25 11:00;07.12.25 11:15;250,00
07.12.25 11:15;07.12.25 11:30;300,00
07.12.25 11:30;07.12.25 11:45;400,00
07.12.25 11:45;07.12.25 12:00;400,00
07.12.25 12:00;07.12.25 12:15;500,00
07.12.25 12:15;07.12.25 12:30;500,00
07.12.25 12:30;07.12.25 12:45;500,00
07.12.25 12:45;07.12.25 13:00;400,00
07.12.25 13:00;07.12.25 13:15;400,00
07.12.25 13:15;07.12.25 13:30;300,00
07.12.25 13:30;07.12.25 13:45;300,00
07.12.25 13:45;07.12.25 14:00;300,00
07.12.25 14:00;07.12.25 14:15;300,00
07.12.25 14:15;07.12.25 14:30;300,00
07.12.25 14:30;07.12.25 14:45;300,00
07.12.25 14:45;07.12.25 15:00;0,00
07.12.25 15:00;07.12.25 15:15;0,00
07.12.25 15:15;07.12.25 15:30;200,00
07.12.25 15:30;07.12.25 15:45;200,00
07.12.25 15:45;07.12.25 16:00;200,00
07.12.25 16:00;07.12.25 16:15;200,00
07.12.25 16:15;07.12.25 16:30;200,00
07.12.25 16:30;07.12.25 16:45;300,00
07.12.25 16:45;07.12.25 17:00;300,00
07.12.25 17:00;07.12.25 17:15;300,00
07.12.25 17:15;07.12.25 17:30;300,00
07.12.25 17:30;07.12.25 17:45;300,00
07.12.25 17:45;07.12.25 18:00;300,00
07.12.25 18:00;07.12.25 18:15;300,00
07.12.25 18:15;07.12.25 18:30;300,00
07.12.25 18:30;07.12.25 18:45;300,00
07.12.25 18:45;07.12.25 19:00;300,00
07.12.25 19:00;07.12.25 19:15;200,00
07.12.25 19:15;07.12.25 19:30;200,00
07.12.25 19:30;07.12.25 19:45;200,00
07.12.25 19:45;07.12.25 20:00;200,00
07.12.25 20:00;07.12.25 20:15;200,00
07.12.25 20:15;07.12.25 20:30;400,00
07.12.25 20:30;07.12.25 20:45;400,00
07.12.25 20:45;07.12.25 21:00;400,00
07.12.25 21:00;07.12.25 21:15;400,00
07.12.25 21:15;07.12.25 21:30;0,00
07.12.25 21:30;07.12.25 21:45;0,00
07.12.25 21:45;07.12.25 22:00;0,00
07.12.25 22:00;07.12.25 22:15;0,00
07.12.25 22:15;07.12.25 22:30;0,00
07.12.25 22:30;07.12.25 22:45;0,00
07.12.25 22:45;07.12.25 23:00;0,00
07.12.25 23:00;07.12.25 23:15;0,00
07.12.25 23:15;07.12.25 23:30;0,00
07.12.25 23:30;07.12.25 23:45;0,00
07.12.25 23:45;08.12.25 00:00;0,00
08.12.25 00:00;08.12.25 00:15;0,00
08.12.25 00:15;08.12.25 00:30;0,00
08.12.25 00:30;08.12.25 00:45;0,00
08.12.25 00:45;08.12.25 01:00;300,00
08.12.25 01:00;08.12.25 01:15;300,00
08.12.25 01:15;08.12.25 01:30;300,00
08.12.25 01:30;08.12.25 01:45;300,00
08.12.25 01:45;08.12.25 02:00;300,00
08.12.25 02:00;08.12.25 02:15;300,00
08.12.25 02:15;08.12.25 02:30;0,00
08.12.25 02:30;08.12.25 02:45;0,00
08.12.25 02:45;08.12.25 03:00;0,00
08.12.25 03:00;08.12.25 03:15;0,00
08.12.25 03:15;08.12.25 03:30;0,00
08.12.25 03:30;08.12.25 03:45;0,00
08.12.25 03:45;08.12.25 04:00;0,00
08.12.25 04:00;08.12.25 04:15;0,00
08.12.25 04:15;08.12.25 04:30;0,00
08.12.25 04:30;08.12.25 04:45;20,00
08.12.25 04:45;08.12.25 05:00;25,00
08.12.25 05:00;08.12.25 05:15;30,00
08.12.25 05:15;08.12.25 05:30;40,00
08.12.25 05:30;08.12.25 05:45;100,00
08.12.25 05:45;08.12.25 06:00;100,00
08.12.25 06:00;08.12.25 06:15;100,00
08.12.25 06:15;08.12.25 06:30;100,00
08.12.25 06:30;08.12.25 06:45;100,00
08.12.25 06:45;08.12.25 07:00;100,00
08.12.25 07:00;08.12.25 07:15;200,00
08.12.25 07:15;08.12.25 07:30;200,00
08.12.25 07:30;08.12.25 07:45;200,00
08.12.25 07:45;08.12.25 08:00;200,00
08.12.25 08:00;08.12.25 08:15;200,00
08.12.25 08:15;08.12.25 08:30;200,00
08.12.25 08:30;08.12.25 08:45;200,00
08.12.25 08:45;08.12.25 09:00;200,00
08.12.25 09:00;08.12.25 09:15;200,00
08.12.25 09:15;08.12.25 09:30;200,00
08.12.25 09:30;08.12.25 09:45;200,00
08.12.25 09:45;08.12.25 10:00;200,00
08.12.25 10:00;08.12.25 10:15;250,00
08.12.25 10:15;08.12.25 10:30;250,00
08.12.25 10:30;08.12.25 10:45;250,00
08.12.25 10:45;08.12.25 11:00;250,00
08.12.25 11:00;08.12.25 11:15;250,00
08.12.25 11:15;08.12.25 11:30;300,00
08.12.25 11:30;08.12.25 11:45;400,00
08.12.25 11:45;08.12.25 12:00;400,00
08.12.25 12:00;08.12.25 12:15;500,00
08.12.25 12:15;08.12.25 12:30;500,00
08.12.25 12:30;08.12.25 12:45;500,00
08.12.25 12:45;08.12.25 13:00;400,00
08.12.25 13:00;08.12.25 13:15;400,00
08.12.25 13:15;08.12.25 13:30;300,00
08.12.25 13:30;08.12.25 13:45;300,00
08.12.25 13:45;08.12.25 14:00;300,00
08.12.25 14:00;08.12.25 14:15;300,00
08.12.25 14:15;08.12.25 14:30;300,00
08.12.25 14:30;08.12.25 14:45;300,00
08.12.25 14:45;08.12.25 15:00;0,00
08.12.25 15:00;08.12.25 15:15;0,00
08.12.25 15:15;08.12.25 15:30;200,00
08.12.25 15:30;08.12.25 15:45;200,00
08.12.25 15:45;08.12.25 16:00;200,00
08.12.25 16:00;08.12.25 16:15;200,00
08.12.25 16:15;08.12.25 16:30;200,00
08.12.25 16:30;08.12.25 16:45;300,00
08.12.25 16:45;08.12.25 17:00;300,00
08.12.25 17:00;08.12.25 17:15;300,00
08.12.25 17:15;08.12.25 17:30;300,00
08.12.25 17:30;08.12.25 17:45;300,00
08.12.25 17:45;08.12.25 18:00;300,00
08.12.25 18:00;08.12.25 18:15;300,00
08.12.25 18:15;08.12.25 18:30;300,00
08.12.25 18:30;08.12.25 18:45;300,00
08.12.25 18:45;08.12.25 19:00;300,00
08.12.25 19:00;08.12.25 19:15;200,00
08.12.25 19:15;08.12.25 19:30;200,00
08.12.25 19:30;08.12.25 19:45;200,00
08.12.25 19:45;08.12.25 20:00;200,00
08.12.25 20:00;08.12.25 20:15;200,00
08.12.25 20:15;08.12.25 20:30;400,00
08.12.25 20:30;08.12.25 20:45;400,00
08.12.25 20:45;08.12.25 21:00;400,00
08.12.25 21:00;08.12.25 21:15;400,00
08.12.25 21:15;08.12.25 21:30;0,00
08.12.25 21:30;08.12.25 21:45;0,00
08.12.25 21:45;08.12.25 22:00;0,00
08.12.25 22:00;08.12.25 22:15;0,00
08.12.25 22:15;08.12.25 22:30;0,00
08.12.25 22:30;08.12.25 22:45;0,00
08.12.25 22:45;08.12.25 23:00;0,00
08.12.25 23:00;08.12.25 23:15;0,00
08.12.25 23:15;08.12.25 23:30;0,00
08.12.25 23:30;08.12.25 23:45;0,00
08.12.25 23:45;09.12.25 00:00;0,00
09.12.25 00:00;09.12.25 00:15;0,00
09.12.25 00:15;09.12.25 00:30;0,00
09.12.25 00:30;09.12.25 00:45;0,00
09.12.25 00:45;09.12.25 01:00;300,00
09.12.25 01:00;09.12.25 01:15;300,00
09.12.25 01:15;09.12.25 01:30;300,00
09.12.25 01:30;09.12.25 01:45;300,00
09.12.25 01:45;09.12.25 02:00;300,00
09.12.25 02:00;09.12.25 02:15;300,00
09.12.25 02:15;09.12.25 02:30;0,00
09.12.25 02:30;09.12.25 02:45;0,00
09.12.25 02:45;09.12.25 03:00;0,00
09.12.25 03:00;09.12.25 03:15;0,00
09.12.25 03:15;09.12.25 03:30;0,00
09.12.25 03:30;09.12.25 03:45;0,00
09.12.25 03:45;09.12.25 04:00;0,00
09.12.25 04:00;09.12.25 04:15;0,00
09.12.25 04:15;09.12.25 04:30;0,00
09.12.25 04:30;09.12.25 04:45;20,00
09.12.25 04:45;09.12.25 05:00;25,00
09.12.25 05:00;09.12.25 05:15;30,00
09.12.25 05:15;09.12.25 05:30;40,00
09.12.25 05:30;09.12.25 05:45;100,00
09.12.25 05:45;09.12.25 06:00;100,00
09.12.25 06:00;09.12.25 06:15;100,00
09.12.25 06:15;09.12.25 06:30;100,00
09.12.25 06:30;09.12.25 06:45;100,00
09.12.25 06:45;09.12.25 07:00;100,00
09.12.25 07:00;09.12.25 07:15;200,00
09.12.25 07:15;09.12.25 07:30;200,00
09.12.25 07:30;09.12.25 07:45;200,00
09.12.25 07:45;09.12.25 08:00;200,00
09.12.25 08:00;09.12.25 08:15;200,00
09.12.25 08:15;09.12.25 08:30;200,00
09.12.25 08:30;09.12.25 08:45;200,00
09.12.25 08:45;09.12.25 09:00;200,00
09.12.25 09:00;09.12.25 09:15;200,00
09.12.25 09:15;09.12.25 09:30;200,00
09.12.25 09:30;09.12.25 09:45;200,00
09.12.25 09:45;09.12.25 10:00;200,00
09.12.25 10:00;09.12.25 10:15;250,00
09.12.25 10:15;09.12.25 10:30;250,00
09.12.25 10:30;09.12.25 10:45;250,00
09.12.25 10:45;09.12.25 11:00;250,00
09.12.25 11:00;09.12.25 11:15;250,00
09.12.25 11:15;09.12.25 11:30;300,00
09.12.25 11:30;09.12.25 11:45;400,00
09.12.25 11:45;09.12.25 12:00;400,00
09.12.25 12:00;09.12.25 12:15;500,00
09.12.25 12:15;09.12.25 12:30;500,00
09.12.25 12:30;09.12.25 12:45;500,00
09.12.25 12:45;09.12.25 13:00;400,00
09.12.25 13:00;09.12.25 13:15;400,00
09.12.25 13:15;09.12.25 13:30;300,00
09.12.25 13:30;09.12.25 13:45;300,00
09.12.25 13:45;09.12.25 14:00;300,00
09.12.25 14:00;09.12.25 14:15;300,00
09.12.25 14:15;09.12.25 14:30;300,00
09.12.25 14:30;09.12.25 14:45;300,00
09.12.25 14:45;09.12.25 15:00;0,00
09.12.25 15:00;09.12.25 15:15;0,00
09.12.25 15:15;09.12.25 15:30;200,00
09.12.25 15:30;09.12.25 15:45;200,00
09.12.25 15:45;09.12.25 16:00;200,00
09.12.25 16:00;09.12.25 16:15;200,00
09.12.25 16:15;09.12.25 16:30;200,00
09.12.25 16:30;09.12.25 16:45;300,00
09.12.25 16:45;09.12.25 17:00;300,00
09.12.25 17:00;09.12.25 17:15;300,00
09.12.25 17:15;09.12.25 17:30;300,00
09.12.25 17:30;09.12.25 17:45;300,00
09.12.25 17:45;09.12.25 18:00;300,00
09.12.25 18:00;09.12.25 18:15;300,00
09.12.25 18:15;09.12.25 18:30;300,00
09.12.25 18:30;09.12.25 18:45;300,00
09.12.25 18:45;09.12.25 19:00;300,00
09.12.25 19:00;09.12.25 19:15;200,00
09.12.25 19:15;09.12.25 19:30;200,00
09.12.25 19:30;09.12.25 19:45;200,00
09.12.25 19:45;09.12.25 20:00;200,00
09.12.25 20:00;09.12.25 20:15;200,00
09.12.25 20:15;09.12.25 20:30;400,00
09.12.25 20:30;09.12.25 20:45;400,00
09.12.25 20:45;09.12.25 21:00;400,00
09.12.25 21:00;09.12.25 21:15;400,00
09.12.25 21:15;09.12.25 21:30;0,00
09.12.25 21:30;09.12.25 21:45;0,00
09.12.25 21:45;09.12.25 22:00;0,00
09.12.25 22:00;09.12.25 22:15;0,00
09.12.25 22:15;09.12.25 22:30;0,00
09.12.25 22:30;09.12.25 22:45;0,00
09.12.25 22:45;09.12.25 23:00;0,00
09.12.25 23:00;09.12.25 23:15;0,00
09.12.25 23:15;09.12.25 23:30;0,00
09.12.25 23:30;09.12.25 23:45;0,00
09.12.25 23:45;10.12.25 00:00;0,00
10.12.25 00:00;10.12.25 00:15;0,00
10.12.25 00:15;10.12.25 00:30;0,00
10.12.25 00:30;10.12.25 00:45;0,00
10.12.25 00:45;10.12.25 01:00;300,00
10.12.25 01:00;10.12.25 01:15;300,00
10.12.25 01:15;10.12.25 01:30;300,00
10.12.25 01:30;10.12.25 01:45;300,00
10.12.25 01:45;10.12.25 02:00;300,00
10.12.25 02:00;10.12.25 02:15;300,00
10.12.25 02:15;10.12.25 02:30;0,00
10.12.25 02:30;10.12.25 02:45;0,00
10.12.25 02:45;10.12.25 03:00;0,00
10.12.25 03:00;10.12.25 03:15;0,00
10.12.25 03:15;10.12.25 03:30;0,00
10.12.25 03:30;10.12.25 03:45;0,00
10.12.25 03:45;10.12.25 04:00;0,00
10.12.25 04:00;10.12.25 04:15;0,00
10.12.25 04:15;10.12.25 04:30;0,00
10.12.25 04:30;10.12.25 04:45;20,00
10.12.25 04:45;10.12.25 05:00;25,00
10.12.25 05:00;10.12.25 05:15;30,00
10.12.25 05:15;10.12.25 05:30;40,00
10.12.25 05:30;10.12.25 05:45;100,00
10.12.25 05:45;10.12.25 06:00;100,00
10.12.25 06:00;10.12.25 06:15;100,00
10.12.25 06:15;10.12.25 06:30;100,00
10.12.25 06:30;10.12.25 06:45;100,00
10.12.25 06:45;10.12.25 07:00;100,00
10.12.25 07:00;10.12.25 07:15;200,00
10.12.25 07:15;10.12.25 07:30;200,00
10.12.25 07:30;10.12.25 07:45;200,00
10.12.25 07:45;10.12.25 08:00;200,00
10.12.25 08:00;10.12.25 08:15;200,00
10.12.25 08:15;10.12.25 08:30;200,00
10.12.25 08:30;10.12.25 08:45;200,00
10.12.25 08:45;10.12.25 09:00;200,00
10.12.25 09:00;10.12.25 09:15;200,00
10.12.25 09:15;10.12.25 09:30;200,00
10.12.25 09:30;10.12.25 09:45;200,00
10.12.25 09:45;10.12.25 10:00;200,00
10.12.25 10:00;10.12.25 10:15;250,00
10.12.25 10:15;10.12.25 10:30;250,00
10.12.25 10:30;10.12.25 10:45;250,00
10.12.25 10:45;10.12.25 11:00;250,00
10.12.25 11:00;10.12.25 11:15;250,00
10.12.25 11:15;10.12.25 11:30;300,00
10.12.25 11:30;10.12.25 11:45;400,00
10.12.25 11:45;10.12.25 12:00;400,00
10.12.25 12:00;10.12.25 12:15;500,00
10.12.25 12:15;10.12.25 12:30;500,00
10.12.25 12:30;10.12.25 12:45;500,00
10.12.25 12:45;10.12.25 13:00;400,00
10.12.25 13:00;10.12.25 13:15;400,00
10.12.25 13:15;10.12.25 13:30;300,00
10.12.25 13:30;10.12.25 13:45;300,00
10.12.25 13:45;10.12.25 14:00;300,00
10.12.25 14:00;10.12.25 14:15;300,00
10.12.25 14:15;10.12.25 14:30;300,00
10.12.25 14:30;10.12.25 14:45;300,00
10.12.25 14:45;10.12.25 15:00;0,00
10.12.25 15:00;10.12.25 15:15;0,00
10.12.25 15:15;10.12.25 15:30;200,00
10.12.25 15:30;10.12.25 15:45;200,00
10.12.25 15:45;10.12.25 16:00;200,00
10.12.25 16:00;10.12.25 16:15;200,00
10.12.25 16:15;10.12.25 16:30;200,00
10.12.25 16:30;10.12.25 16:45;300,00
10.12.25 16:45;10.12.25 17:00;300,00
10.12.25 17:00;10.12.25 17:15;300,00
10.12.25 17:15;10.12.25 17:30;300,00
10.12.25 17:30;10.12.25 17:45;300,00
10.12.25 17:45;10.12.25 18:00;300,00
10.12.25 18:00;10.12.25 18:15;300,00
10.12.25 18:15;10.12.25 18:30;300,00
10.12.25 18:30;10.12.25 18:45;300,00
10.12.25 18:45;10.12.25 19:00;300,00
10.12.25 19:00;10.12.25 19:15;200,00
10.12.25 19:15;10.12.25 19:30;200,00
10.12.25 19:30;10.12.25 19:45;200,00
10.12.25 19:45;10.12.25 20:00;200,00
10.12.25 20:00;10.12.25 20:15;200,00
10.12.25 20:15;10.12.25 20:30;400,00
10.12.25 20:30;10.12.25 20:45;400,00
10.12.25 20:45;10.12.25 21:00;400,00
10.12.25 21:00;10.12.25 21:15;400,00
10.12.25 21:15;10.12.25 21:30;0,00
10.12.25 21:30;10.12.25 21:45;0,00
10.12.25 21:45;10.12.25 22:00;0,00
10.12.25 22:00;10.12.25 22:15;0,00
10.12.25 22:15;10.12.25 22:30;0,00
10.12.25 22:30;10.12.25 22:45;0,00
10.12.25 22:45;10.12.25 23:00;0,00
10.12.25 23:00;10.12.25 23:15;0,00
10.12.25 23:15;10.12.25 23:30;0,00
10.12.25 23:30;10.12.25 23:45;0,00
10.12.25 23:45;11.12.25 00:00;0,00
11.12.25 00:00;11.12.25 00:15;0,00
11.12.25 00:15;11.12.25 00:30;0,00
11.12.25 00:30;11.12.25 00:45;0,00
11.12.25 00:45;11.12.25 01:00;300,00
11.12.25 01:00;11.12.25 01:15;300,00
11.12.25 01:15;11.12.25 01:30;300,00
11.12.25 01:30;11.12.25 01:45;300,00
11.12.25 01:45;11.12.25 02:00;300,00
11.12.25 02:00;11.12.25 02:15;300,00
11.12.25 02:15;11.12.25 02:30;0,00
11.12.25 02:30;11.12.25 02:45;0,00
11.12.25 02:45;11.12.25 03:00;0,00
11.12.25 03:00;11.12.25 03:15;0,00
11.12.25 03:15;11.12.25 03:30;0,00
11.12.25 03:30;11.12.25 03:45;0,00
11.12.25 03:45;11.12.25 04:00;0,00
11.12.25 04:00;11.12.25 04:15;0,00
11.12.25 04:15;11.12.25 04:30;0,00
11.12.25 04:30;11.12.25 04:45;20,00
11.12.25 04:45;11.12.25 05:00;25,00
11.12.25 05:00;11.12.25 05:15;30,00
11.12.25 05:15;11.12.25 05:30;40,00
11.12.25 05:30;11.12.25 05:45;100,00
11.12.25 05:45;11.12.25 06:00;100,00
11.12.25 06:00;11.12.25 06:15;100,00
11.12.25 06:15;11.12.25 06:30;100,00
11.12.25 06:30;11.12.25 06:45;100,00
11.12.25 06:45;11.12.25 07:00;100,00
11.12.25 07:00;11.12.25 07:15;200,00
11.12.25 07:15;11.12.25 07:30;200,00
11.12.25 07:30;11.12.25 07:45;200,00
11.12.25 07:45;11.12.25 08:00;200,00
11.12.25 08:00;11.12.25 08:15;200,00
11.12.25 08:15;11.12.25 08:30;200,00
11.12.25 08:30;11.12.25 08:45;200,00
11.12.25 08:45;11.12.25 09:00;200,00
11.12.25 09:00;11.12.25 09:15;200,00
11.12.25 09:15;11.12.25 09:30;200,00
11.12.25 09:30;11.12.25 09:45;200,00
11.12.25 09:45;11.12.25 10:00;200,00
11.12.25 10:00;11.12.25 10:15;250,00
11.12.25 10:15;11.12.25 10:30;250,00
11.12.25 10:30;11.12.25 10:45;250,00
11.12.25 10:45;11.12.25 11:00;250,00
11.12.25 11:00;11.12.25 11:15;250,00
11.12.25 11:15;11.12.25 11:30;300,00
11.12.25 11:30;11.12.25 11:45;400,00
11.12.25 11:45;11.12.25 12:00;400,00
11.12.25 12:00;11.12.25 12:15;500,00
11.12.25 12:15;11.12.25 12:30;500,00
11.12.25 12:30;11.12.25 12:45;500,00
11.12.25 12:45;11.12.25 13:00;400,00
11.12.25 13:00;11.12.25 13:15;400,00
11.12.25 13:15;11.12.25 13:30;300,00
11.12.25 13:30;11.12.25 13:45;300,00
11.12.25 13:45;11.12.25 14:00;300,00
11.12.25 14:00;11.12.25 14:15;300,00
11.12.25 14:15;11.12.25 14:30;300,00
11.12.25 14:30;11.12.25 14:45;300,00
11.12.25 14:45;11.12.25 15:00;0,00
11.12.25 15:00;11.12.25 15:15;0,00
11.12.25 15:15;11.12.25 15:30;200,00
11.12.25 15:30;11.12.25 15:45;200,00
11.12.25 15:45;11.12.25 16:00;200,00
11.12.25 16:00;11.12.25 16:15;200,00
11.12.25 16:15;11.12.25 16:30;200,00
11.12.25 16:30;11.12.25 16:45;300,00
11.12.25 16:45;11.12.25 17:00;300,00
11.12.25 17:00;11.12.25 17:15;300,00
11.12.25 17:15;11.12.25 17:30;300,00
11.12.25 17:30;11.12.25 17:45;300,00
11.12.25 17:45;11.12.25 18:00;300,00
11.12.25 18:00;11.12.25 18:15;300,00
11.12.25 18:15;11.12.25 18:30;300,00
11.12.25 18:30;11.12.25 18:45;300,00
11.12.25 18:45;11.12.25 19:00;300,00
11.12.25 19:00;11.12.25 19:15;200,00
11.12.25 19:15;11.12.25 19:30;200,00
11.12.25 19:30;11.12.25 19:45;200,00
11.12.25 19:45;11.12.25 20:00;200,00
11.12.25 20:00;11.12.25 20:15;200,00
11.12.25 20:15;11.12.25 20:30;400,00
11.12.25 20:30;11.12.25 20:45;400,00
11.12.25 20:45;11.12.25 21:00;400,00
11.12.25 21:00;11.12.25 21:15;400,00
11.12.25 21:15;11.12.25 21:30;0,00
11.12.25 21:30;11.12.25 21:45;0,00
11.12.25 21:45;11.12.25 22:00;0,00
11.12.25 22:00;11.12.25 22:15;0,00
11.12.25 22:15;11.12.25 22:30;0,00
11.12.25 22:30;11.12.25 22:45;0,00
11.12.25 22:45;11.12.25 23:00;0,00
11.12.25 23:00;11.12.25 23:15;0,00
11.12.25 23:15;11.12.25 23:30;0,00
11.12.25 23:30;11.12.25 23:45;0,00
11.12.25 23:45;12.12.25 00:00;0,00
12.12.25 00:00;12.12.25 00:15;0,00
12.12.25 00:15;12.12.25 00:30;0,00
12.12.25 00:30;12.12.25 00:45;0,00
12.12.25 00:45;12.12.25 01:00;300,00
12.12.25 01:00;12.12.25 01:15;300,00
12.12.25 01:15;12.12.25 01:30;300,00
12.12.25 01:30;12.12.25 01:45;300,00
12.12.25 01:45;12.12.25 02:00;300,00
12.12.25 02:00;12.12.25 02:15;300,00
12.12.25 02:15;12.12.25 02:30;0,00
12.12.25 02:30;12.12.25 02:45;0,00
12.12.25 02:45;12.12.25 03:00;0,00
12.12.25 03:00;12.12.25 03:15;0,00
12.12.25 03:15;12.12.25 03:30;0,00
12.12.25 03:30;12.12.25 03:45;0,00
12.12.25 03:45;12.12.25 04:00;0,00
12.12.25 04:00;12.12.25 04:15;0,00
12.12.25 04:15;12.12.25 04:30;0,00
12.12.25 04:30;12.12.25 04:45;20,00
12.12.25 04:45;12.12.25 05:00;25,00
12.12.25 05:00;12.12.25 05:15;30,00
12.12.25 05:15;12.12.25 05:30;40,00
12.12.25 05:30;12.12.25 05:45;100,00
12.12.25 05:45;12.12.25 06:00;100,00
12.12.25 06:00;12.12.25 06:15;100,00
12.12.25 06:15;12.12.25 06:30;100,00
12.12.25 06:30;12.12.25 06:45;100,00
12.12.25 06:45;12.12.25 07:00;100,00
12.12.25 07:00;12.12.25 07:15;200,00
12.12.25 07:15;12.12.25 07:30;200,00
12.12.25 07:30;12.12.25 07:45;200,00
12.12.25 07:45;12.12.25 08:00;200,00
12.12.25 08:00;12.12.25 08:15;200,00
12.12.25 08:15;12.12.25 08:30;200,00
12.12.25 08:30;12.12.25 08:45;200,00
12.12.25 08:45;12.12.25 09:00;200,00
12.12.25 09:00;12.12.25 09:15;200,00
12.12.25 09:15;12.12.25 09:30;200,00
12.12.25 09:30;12.12.25 09:45;200,00
12.12.25 09:45;12.12.25 10:00;200,00
12.12.25 10:00;12.12.25 10:15;250,00
12.12.25 10:15;12.12.25 10:30;250,00
12.12.25 10:30;12.12.25 10:45;250,00
12.12.25 10:45;12.12.25 11:00;250,00
12.12.25 11:00;12.12.25 11:15;250,00
12.12.25 11:15;12.12.25 11:30;300,00
12.12.25 11:30;12.12.25 11:45;400,00
12.12.25 11:45;12.12.25 12:00;400,00
12.12.25 12:00;12.12.25 12:15;500,00
12.12.25 12:15;12.12.25 12:30;500,00
12.12.25 12:30;12.12.25 12:45;500,00
12.12.25 12:45;12.12.25 13:00;400,00
12.12.25 13:00;12.12.25 13:15;400,00
12.12.25 13:15;12.12.25 13:30;300,00
12.12.25 13:30;12.12.25 13:45;300,00
12.12.25 13:45;12.12.25 14:00;300,00
12.12.25 14:00;12.12.25 14:15;300,00
12.12.25 14:15;12.12.25 14:30;300,00
12.12.25 14:30;12.12.25 14:45;300,00
12.12.25 14:45;12.12.25 15:00;0,00
12.12.25 15:00;12.12.25 15:15;0,00
12.12.25 15:15;12.12.25 15:30;200,00
12.12.25 15:30;12.12.25 15:45;200,00
12.12.25 15:45;12.12.25 16:00;200,00
12.12.25 16:00;12.12.25 16:15;200,00
12.12.25 16:15;12.12.25 16:30;200,00
12.12.25 16:30;12.12.25 16:45;300,00
12.12.25 16:45;12.12.25 17:00;300,00
12.12.25 17:00;12.12.25 17:15;300,00
12.12.25 17:15;12.12.25 17:30;300,00
12.12.25 17:30;12.12.25 17:45;300,00
12.12.25 17:45;12.12.25 18:00;300,00
12.12.25 18:00;12.12.25 18:15;300,00
12.12.25 18:15;12.12.25 18:30;300,00
12.12.25 18:30;12.12.25 18:45;300,00
12.12.25 18:45;12.12.25 19:00;300,00
12.12.25 19:00;12.12.25 19:15;200,00
12.12.25 19:15;12.12.25 19:30;200,00
12.12.25 19:30;12.12.25 19:45;200,00
12.12.25 19:45;12.12.25 20:00;200,00
12.12.25 20:00;12.12.25 20:15;200,00
12.12.25 20:15;12.12.25 20:30;400,00
12.12.25 20:30;12.12.25 20:45;400,00
12.12.25 20:45;12.12.25 21:00;400,00
12.12.25 21:00;12.12.25 21:15;400,00
12.12.25 21:15;12.12.25 21:30;0,00
12.12.25 21:30;12.12.25 21:45;0,00
12.12.25 21:45;12.12.25 22:00;0,00
12.12.25 22:00;12.12.25 22:15;0,00
12.12.25 22:15;12.12.25 22:30;0,00
12.12.25 22:30;12.12.25 22:45;0,00
12.12.25 22:45;12.12.25 23:00;0,00
12.12.25 23:00;12.12.25 23:15;0,00
12.12.25 23:15;12.12.25 23:30;0,00
12.12.25 23:30;12.12.25 23:45;0,00
12.12.25 23:45;13.12.25 00:00;0,00
13.12.25 00:00;13.12.25 00:15;0,00
13.12.25 00:15;13.12.25 00:30;0,00
13.12.25 00:30;13.12.25 00:45;0,00
13.12.25 00:45;13.12.25 01:00;300,00
13.12.25 01:00;13.12.25 01:15;300,00
13.12.25 01:15;13.12.25 01:30;300,00
13.12.25 01:30;13.12.25 01:45;300,00
13.12.25 01:45;13.12.25 02:00;300,00
13.12.25 02:00;13.12.25 02:15;300,00
13.12.25 02:15;13.12.25 02:30;0,00
13.12.25 02:30;13.12.25 02:45;0,00
13.12.25 02:45;13.12.25 03:00;0,00
13.12.25 03:00;13.12.25 03:15;0,00
13.12.25 03:15;13.12.25 03:30;0,00
13.12.25 03:30;13.12.25 03:45;0,00
13.12.25 03:45;13.12.25 04:00;0,00
13.12.25 04:00;13.12.25 04:15;0,00
13.12.25 04:15;13.12.25 04:30;0,00
13.12.25 04:30;13.12.25 04:45;20,00
13.12.25 04:45;13.12.25 05:00;25,00
13.12.25 05:00;13.12.25 05:15;30,00
13.12.25 05:15;13.12.25 05:30;40,00
13.12.25 05:30;13.12.25 05:45;100,00
13.12.25 05:45;13.12.25 06:00;100,00
13.12.25 06:00;13.12.25 06:15;100,00
13.12.25 06:15;13.12.25 06:30;100,00
13.12.25 06:30;13.12.25 06:45;100,00
13.12.25 06:45;13.12.25 07:00;100,00
13.12.25 07:00;13.12.25 07:15;200,00
13.12.25 07:15;13.12.25 07:30;200,00
13.12.25 07:30;13.12.25 07:45;200,00
13.12.25 07:45;13.12.25 08:00;200,00
13.12.25 08:00;13.12.25 08:15;200,00
13.12.25 08:15;13.12.25 08:30;200,00
13.12.25 08:30;13.12.25 08:45;200,00
13.12.25 08:45;13.12.25 09:00;200,00
13.12.25 09:00;13.12.25 09:15;200,00
13.12.25 09:15;13.12.25 09:30;200,00
13.12.25 09:30;13.12.25 09:45;200,00
13.12.25 09:45;13.12.25 10:00;200,00
13.12.25 10:00;13.12.25 10:15;250,00
13.12.25 10:15;13.12.25 10:30;250,00
13.12.25 10:30;13.12.25 10:45;250,00
13.12.25 10:45;13.12.25 11:00;250,00
13.12.25 11:00;13.12.25 11:15;250,00
13.12.25 11:15;13.12.25 11:30;300,00
13.12.25 11:30;13.12.25 11:45;400,00
13.12.25 11:45;13.12.25 12:00;400,00
13.12.25 12:00;13.12.25 12:15;500,00
13.12.25 12:15;13.12.25 12:30;500,00
13.12.25 12:30;13.12.25 12:45;500,00
13.12.25 12:45;13.12.25 13:00;400,00
13.12.25 13:00;13.12.25 13:15;400,00
13.12.25 13:15;13.12.25 13:30;300,00
13.12.25 13:30;13.12.25 13:45;300,00
13.12.25 13:45;13.12.25 14:00;300,00
13.12.25 14:00;13.12.25 14:15;300,00
13.12.25 14:15;13.12.25 14:30;300,00
13.12.25 14:30;13.12.25 14:45;300,00
13.12.25 14:45;13.12.25 15:00;0,00
13.12.25 15:00;13.12.25 15:15;0,00
13.12.25 15:15;13.12.25 15:30;200,00
13.12.25 15:30;13.12.25 15:45;200,00
13.12.25 15:45;13.12.25 16:00;200,00
13.12.25 16:00;13.12.25 16:15;200,00
13.12.25 16:15;13.12.25 16:30;200,00
13.12.25 16:30;13.12.25 16:45;300,00
13.12.25 16:45;13.12.25 17:00;300,00
13.12.25 17:00;13.12.25 17:15;300,00
13.12.25 17:15;13.12.25 17:30;300,00
13.12.25 17:30;13.12.25 17:45;300,00
13.12.25 17:45;13.12.25 18:00;300,00
13.12.25 18:00;13.12.25 18:15;300,00
13.12.25 18:15;13.12.25 18:30;300,00
13.12.25 18:30;13.12.25 18:45;300,00
13.12.25 18:45;13.12.25 19:00;300,00
13.12.25 19:00;13.12.25 19:15;200,00
13.12.25 19:15;13.12.25 19:30;200,00
13.12.25 19:30;13.12.25 19:45;200,00
13.12.25 19:45;13.12.25 20:00;200,00
13.12.25 20:00;13.12.25 20:15;200,00
13.12.25 20:15;13.12.25 20:30;400,00
13.12.25 20:30;13.12.25 20:45;400,00
13.12.25 20:45;13.12.25 21:00;400,00
13.12.25 21:00;13.12.25 21:15;400,00
13.12.25 21:15;13.12.25 21:30;0,00
13.12.25 21:30;13.12.25 21:45;0,00
13.12.25 21:45;13.12.25 22:00;0,00
13.12.25 22:00;13.12.25 22:15;0,00
13.12.25 22:15;13.12.25 22:30;0,00
13.12.25 22:30;13.12.25 22:45;0,00
13.12.25 22:45;13.12.25 23:00;0,00
13.12.25 23:00;13.12.25 23:15;0,00
13.12.25 23:15;13.12.25 23:30;0,00
13.12.25 23:30;13.12.25 23:45;0,00
13.12.25 23:45;14.12.25 00:00;0,00
14.12.25 00:00;14.12.25 00:15;0,00
14.12.25 00:15;14.12.25 00:30;0,00
14.12.25 00:30;14.12.25 00:45;0,00
14.12.25 00:45;14.12.25 01:00;300,00
14.12.25 01:00;14.12.25 01:15;300,00
14.12.25 01:15;14.12.25 01:30;300,00
14.12.25 01:30;14.12.25 01:45;300,00
14.12.25 01:45;14.12.25 02:00;300,00
14.12.25 02:00;14.12.25 02:15;300,00
14.12.25 02:15;14.12.25 02:30;0,00
14.12.25 02:30;14.12.25 02:45;0,00
14.12.25 02:45;14.12.25 03:00;0,00
14.12.25 03:00;14.12.25 03:15;0,00
14.12.25 03:15;14.12.25 03:30;0,00
14.12.25 03:30;14.12.25 03:45;0,00
14.12.25 03:45;14.12.25 04:00;0,00
14.12.25 04:00;14.12.25 04:15;0,00
14.12.25 04:15;14.12.25 04:30;0,00
14.12.25 04:30;14.12.25 04:45;20,00
14.12.25 04:45;14.12.25 05:00;25,00
14.12.25 05:00;14.12.25 05:15;30,00
14.12.25 05:15;14.12.25 05:30;40,00
14.12.25 05:30;14.12.25 05:45;100,00
14.12.25 05:45;14.12.25 06:00;100,00
14.12.25 06:00;14.12.25 06:15;100,00
14.12.25 06:15;14.12.25 06:30;100,00
14.12.25 06:30;14.12.25 06:45;100,00
14.12.25 06:45;14.12.25 07:00;100,00
14.12.25 07:00;14.12.25 07:15;200,00
14.12.25 07:15;14.12.25 07:30;200,00
14.12.25 07:30;14.12.25 07:45;200,00
14.12.25 07:45;14.12.25 08:00;200,00
14.12.25 08:00;14.12.25 08:15;200,00
14.12.25 08:15;14.12.25 08:30;200,00
14.12.25 08:30;14.12.25 08:45;200,00
14.12.25 08:45;14.12.25 09:00;200,00
14.12.25 09:00;14.12.25 09:15;200,00
14.12.25 09:15;14.12.25 09:30;200,00
14.12.25 09:30;14.12.25 09:45;200,00
14.12.25 09:45;14.12.25 10:00;200,00
14.12.25 10:00;14.12.25 10:15;250,00
14.12.25 10:15;14.12.25 10:30;250,00
14.12.25 10:30;14.12.25 10:45;250,00
14.12.25 10:45;14.12.25 11:00;250,00
14.12.25 11:00;14.12.25 11:15;250,00
14.12.25 11:15;14.12.25 11:30;300,00
14.12.25 11:30;14.12.25 11:45;400,00
14.12.25 11:45;14.12.25 12:00;400,00
14.12.25 12:00;14.12.25 12:15;500,00
14.12.25 12:15;14.12.25 12:30;500,00
14.12.25 12:30;14.12.25 12:45;500,00
14.12.25 12:45;14.12.25 13:00;400,00
14.12.25 13:00;14.12.25 13:15;400,00
14.12.25 13:15;14.12.25 13:30;300,00
14.12.25 13:30;14.12.25 13:45;300,00
14.12.25 13:45;14.12.25 14:00;300,00
14.12.25 14:00;14.12.25 14:15;300,00
14.12.25 14:15;14.12.25 14:30;300,00
14.12.25 14:30;14.12.25 14:45;300,00
14.12.25 14:45;14.12.25 15:00;0,00
14.12.25 15:00;14.12.25 15:15;0,00
14.12.25 15:15;14.12.25 15:30;200,00
14.12.25 15:30;14.12.25 15:45;200,00
14.12.25 15:45;14.12.25 16:00;200,00
14.12.25 16:00;14.12.25 16:15;200,00
14.12.25 16:15;14.12.25 16:30;200,00
14.12.25 16:30;14.12.25 16:45;300,00
14.12.25 16:45;14.12.25 17:00;300,00
14.12.25 17:00;14.12.25 17:15;300,00
14.12.25 17:15;14.12.25 17:30;300,00
14.12.25 17:30;14.12.25 17:45;300,00
14.12.25 17:45;14.12.25 18:00;300,00
14.12.25 18:00;14.12.25 18:15;300,00
14.12.25 18:15;14.12.25 18:30;300,00
14.12.25 18:30;14.12.25 18:45;300,00
14.12.25 18:45;14.12.25 19:00;300,00
14.12.25 19:00;14.12.25 19:15;200,00
14.12.25 19:15;14.12.25 19:30;200,00
14.12.25 19:30;14.12.25 19:45;200,00
14.12.25 19:45;14.12.25 20:00;200,00
14.12.25 20:00;14.12.25 20:15;200,00
14.12.25 20:15;14.12.25 20:30;400,00
14.12.25 20:30;14.12.25 20:45;400,00
14.12.25 20:45;14.12.25 21:00;400,00
14.12.25 21:00;14.12.25 21:15;400,00
14.12.25 21:15;14.12.25 21:30;0,00
14.12.25 21:30;14.12.25 21:45;0,00
14.12.25 21:45;14.12.25 22:00;0,00
14.12.25 22:00;14.12.25 22:15;0,00
14.12.25 22:15;14.12.25 22:30;0,00
14.12.25 22:30;14.12.25 22:45;0,00
14.12.25 22:45;14.12.25 23:00;0,00
14.12.25 23:00;14.12.25 23:15;0,00
14.12.25 23:15;14.12.25 23:30;0,00
14.12.25 23:30;14.12.25 23:45;0,00
14.12.25 23:45;15.12.25 00:00;0,00
;;
;;
;;
;;
;;
;;
;;
;;
;;
;;
;;
;;
;;
;;
;;
;;
;;
;;
;;
;;
;;
;;
;;
;;
;;
;;
;;
;;
;;
;;
;;
;;
;;
;;
;;
;;
;;
;;
;;
;;
;;
;;
;;
;;
;;
;;
;;
;;
;;
;;
;;
;;
;;
;;
;;
;;
;;
;;
;;
;;
;;
;;
;;
;;
;;
;;
;;
;;
;;
;;
;;
;;
;;
;;
;;
;;
;;
;;
;;
;;
;;
;;
;;
;;
;;
;;
;;
;;
;;
;;
;;
;;
;;
;;
;;
;;
;;
;;
;;
;;
;;
;;
;;
;;
;;
;;
;;
;;
;;
;;
;;
;;
;;
;;
;;
;;
;;
;;
;;
;;
;;
;;
;;
;;
;;
;;
;;
;;
;;
;;
;;
;;
;;
;;
;;
;;
;;
;;
;;
;;
;;
;;
;;
;;
;;
;;
;;
;;
;;
;;
;;
;;
;;
;;
;;
;;
;;
;;
;;
;;
;;
;;
;;
;;
;;
;;
;;
;;
;;
;;
;;
;;
;;
;;
;;
;;
;;
;;
;;
;;
;;
;;
;;
;;
;;
;;
;;
;;
;;
;;
;;
;;